ID,PROPINSI,KABUPATEN,KECAMATAN,KELURAHAN,KODEPOS
0,-,-,-,-,-
71529,Sumatera Barat,Agam,Ampek Nagari (IV Nagari ),Batu Kambing,26161
71530,Sumatera Barat,Agam,Ampek Nagari (IV Nagari ),Bawan,26161
71531,Sumatera Barat,Agam,Ampek Nagari (IV Nagari ),Sitalang,26161
71532,Sumatera Barat,Agam,Ampek Nagari (IV Nagari ),Sitanang,26161
71533,Sumatera Barat,Agam,Banuhampu,Cingkariang,26181
71534,Sumatera Barat,Agam,Banuhampu,Kubang Putiah,26181
71535,Sumatera Barat,Agam,Banuhampu,Ladang Laweh,26181
71536,Sumatera Barat,Agam,Banuhampu,Padang Lua,26181
71537,Sumatera Barat,Agam,Banuhampu,Pakan Sinayan,26181
71538,Sumatera Barat,Agam,Banuhampu,Taluak Ampek Suku,26181
71539,Sumatera Barat,Agam,Baso,Bungo Koto Tuo,26192
71540,Sumatera Barat,Agam,Baso,Koto Baru III Jorong,26192
71541,Sumatera Barat,Agam,Baso,Koto Tinggi,26192
71542,Sumatera Barat,Agam,Baso,Padang Tarok,26192
71543,Sumatera Barat,Agam,Baso,Salo,26192
71544,Sumatera Barat,Agam,Baso,Simarasok,26192
71545,Sumatera Barat,Agam,Baso,Tabek Panjang,26192
71546,Sumatera Barat,Agam,Candung,Bukik Batabuah,26191
71547,Sumatera Barat,Agam,Candung,Canduang Koto Laweh,26191
71548,Sumatera Barat,Agam,Candung,Lasi,26191
71549,Sumatera Barat,Agam,IV Angkat Candung (Ampek Angkek),Ampang Gadang,26191
71550,Sumatera Barat,Agam,IV Angkat Candung (Ampek Angkek),Balai Gurah,26191
71551,Sumatera Barat,Agam,IV Angkat Candung (Ampek Angkek),Batu Taba,26191
71552,Sumatera Barat,Agam,IV Angkat Candung (Ampek Angkek),Biaro Gadang,26191
71553,Sumatera Barat,Agam,IV Angkat Candung (Ampek Angkek),Lambah,26191
71554,Sumatera Barat,Agam,IV Angkat Candung (Ampek Angkek),Panampung,26191
71555,Sumatera Barat,Agam,IV Angkat Candung (Ampek Angkek),Pasia,26191
71556,Sumatera Barat,Agam,IV Koto (Ampek Koto),Balingka,26161
71557,Sumatera Barat,Agam,IV Koto (Ampek Koto),Guguk Tabek Sarajo,26161
71558,Sumatera Barat,Agam,IV Koto (Ampek Koto),Koto Gadang,26161
71559,Sumatera Barat,Agam,IV Koto (Ampek Koto),Koto Panjang,26161
71560,Sumatera Barat,Agam,IV Koto (Ampek Koto),Koto Tuo,26161
71561,Sumatera Barat,Agam,IV Koto (Ampek Koto),Sianok Anam Suku,26161
71562,Sumatera Barat,Agam,IV Koto (Ampek Koto),Sungai Landia,26161
71563,Sumatera Barat,Agam,Kamang Magek,Kamang Hilia,26152
71564,Sumatera Barat,Agam,Kamang Magek,Kamang Mudiak,26152
71565,Sumatera Barat,Agam,Kamang Magek,Magek,26152
71566,Sumatera Barat,Agam,Lubuk Basung,Geragahan,26451
71567,Sumatera Barat,Agam,Lubuk Basung,Kampung Pinang,26451
71568,Sumatera Barat,Agam,Lubuk Basung,Kampung Tangah,26451
71569,Sumatera Barat,Agam,Lubuk Basung,Lubuk Basung,26451
71570,Sumatera Barat,Agam,Lubuk Basung,Manggopoh,26451
71571,Sumatera Barat,Agam,Malakak,Malalak Barat,26161
71572,Sumatera Barat,Agam,Malakak,Malalak Selatan,26161
71573,Sumatera Barat,Agam,Malakak,Malalak Timur,26161
71574,Sumatera Barat,Agam,Malakak,Malalak Utara,26161
71575,Sumatera Barat,Agam,Matur,Lawang,26162
71576,Sumatera Barat,Agam,Matur,Matur Hilia,26162
71577,Sumatera Barat,Agam,Matur,Matur Mudiak,26162
71578,Sumatera Barat,Agam,Matur,Panta Pauh,26162
71579,Sumatera Barat,Agam,Matur,Parik Panjang,26162
71580,Sumatera Barat,Agam,Matur,Tigo Balai,26162
71581,Sumatera Barat,Agam,Palembayan,Ampek Koto Palembayan,26164
71582,Sumatera Barat,Agam,Palembayan,Baringin,26164
71583,Sumatera Barat,Agam,Palembayan,Salareh Aia,26164
71584,Sumatera Barat,Agam,Palembayan,Sipinang,26164
71585,Sumatera Barat,Agam,Palembayan,Sungai Puar,26164
71586,Sumatera Barat,Agam,Palembayan,Tigo Koto Silungkang,26164
71587,Sumatera Barat,Agam,Palupuh,Koto Rantang,26151
71588,Sumatera Barat,Agam,Palupuh,Nan Tujuah,26151
71589,Sumatera Barat,Agam,Palupuh,Pagadih,26151
71590,Sumatera Barat,Agam,Palupuh,Pasia Laweh,26151
71591,Sumatera Barat,Agam,Sungai Pua (Puar),Batagak,26181
71592,Sumatera Barat,Agam,Sungai Pua (Puar),Batu Palano,26181
71593,Sumatera Barat,Agam,Sungai Pua (Puar),Padang Laweh,26181
71594,Sumatera Barat,Agam,Sungai Pua (Puar),Sariak,26181
71595,Sumatera Barat,Agam,Sungai Pua (Puar),Sungai Pua,26181
71596,Sumatera Barat,Agam,Tanjung Mutiara,Tiku Limo Jorong,26473
71597,Sumatera Barat,Agam,Tanjung Mutiara,Tiku Selatan,26473
71598,Sumatera Barat,Agam,Tanjung Mutiara,Tiku Utara,26473
71599,Sumatera Barat,Agam,Tanjung Raya,Bayua,26471
71600,Sumatera Barat,Agam,Tanjung Raya,Duo Koto,26471
71601,Sumatera Barat,Agam,Tanjung Raya,Koto Gadang,26471
71602,Sumatera Barat,Agam,Tanjung Raya,Koto Kaciak,26471
71603,Sumatera Barat,Agam,Tanjung Raya,Koto Malintang,26471
71604,Sumatera Barat,Agam,Tanjung Raya,Maninjau,26471
71605,Sumatera Barat,Agam,Tanjung Raya,Paninjauan,26471
71606,Sumatera Barat,Agam,Tanjung Raya,Sungai Batang,26471
71607,Sumatera Barat,Agam,Tanjung Raya,Tanjung Sani,26471
71608,Sumatera Barat,Agam,Tilatang Kamang,Gaduk,26152
71609,Sumatera Barat,Agam,Tilatang Kamang,Kapau,26152
71610,Sumatera Barat,Agam,Tilatang Kamang,Koto Tangah,26152
71611,Sumatera Barat,Bukittinggi,Aur Birugo Tigo Baleh,Aur Kuning,26131
71612,Sumatera Barat,Bukittinggi,Aur Birugo Tigo Baleh,Belakang Balok,26136
71613,Sumatera Barat,Bukittinggi,Aur Birugo Tigo Baleh,Birugo,26138
71614,Sumatera Barat,Bukittinggi,Aur Birugo Tigo Baleh,Kubu Tanjung,26133
71615,Sumatera Barat,Bukittinggi,Aur Birugo Tigo Baleh,Ladang Cakiah,26135
71616,Sumatera Barat,Bukittinggi,Aur Birugo Tigo Baleh,Pakan Labuh/Labuah,26134
71617,Sumatera Barat,Bukittinggi,Aur Birugo Tigo Baleh,Parit Antang,26132
71618,Sumatera Barat,Bukittinggi,Aur Birugo Tigo Baleh,Sapiran,26137
71619,Sumatera Barat,Bukittinggi,Guguk Panjang (Guguak Panjang),Aur Tajungkang Tengah Sawah,26111
71620,Sumatera Barat,Bukittinggi,Guguk Panjang (Guguak Panjang),Benteng Pasar Atas,26113
71621,Sumatera Barat,Bukittinggi,Guguk Panjang (Guguak Panjang),Bukit Apit Puhun,26114
71622,Sumatera Barat,Bukittinggi,Guguk Panjang (Guguak Panjang),Bukit Cangang Kayu Ramang,26116
71623,Sumatera Barat,Bukittinggi,Guguk Panjang (Guguak Panjang),Kayu Kubu,26115
71624,Sumatera Barat,Bukittinggi,Guguk Panjang (Guguak Panjang),Pakan Kurai,26112
71625,Sumatera Barat,Bukittinggi,Guguk Panjang (Guguak Panjang),Tarok Dipo,26117
71626,Sumatera Barat,Bukittinggi,Mandiangin Koto Selayan,Campago Guguk Bulek,26128
71627,Sumatera Barat,Bukittinggi,Mandiangin Koto Selayan,Campago Ipuh,26121
71628,Sumatera Barat,Bukittinggi,Mandiangin Koto Selayan,Garegeh,26127
71629,Sumatera Barat,Bukittinggi,Mandiangin Koto Selayan,Koto Selayan,26126
71630,Sumatera Barat,Bukittinggi,Mandiangin Koto Selayan,Kubu Gulai Bancah,26122
71631,Sumatera Barat,Bukittinggi,Mandiangin Koto Selayan,Manggis Ganting,26129
71632,Sumatera Barat,Bukittinggi,Mandiangin Koto Selayan,Puhun Pintu Kabun,26123
71633,Sumatera Barat,Bukittinggi,Mandiangin Koto Selayan,Puhun Tembok,26124
71634,Sumatera Barat,Bukittinggi,Mandiangin Koto Selayan,Pulai Anak Air,26125
71635,Sumatera Barat,Dharmasraya,Asam Jujuhan,Alahan Nan Tigo,27684
71636,Sumatera Barat,Dharmasraya,Asam Jujuhan,Lubuk Besar,27684
71637,Sumatera Barat,Dharmasraya,Asam Jujuhan,Sei/Sungai Limau,27684
71638,Sumatera Barat,Dharmasraya,Asam Jujuhan,Sinamar,27684
71639,Sumatera Barat,Dharmasraya,Asam Jujuhan,Tanjung Alam,27684
71640,Sumatera Barat,Dharmasraya,Koto Baru,Ampang Kuranji,27681
71641,Sumatera Barat,Dharmasraya,Koto Baru,Koto Baru,27681
71642,Sumatera Barat,Dharmasraya,Koto Baru,Koto Padang,27681
71643,Sumatera Barat,Dharmasraya,Koto Baru,Sialang Gaung,27681
71644,Sumatera Barat,Dharmasraya,Koto Besar,Abai Siat,27684
71645,Sumatera Barat,Dharmasraya,Koto Besar,Bonjol,27684
71646,Sumatera Barat,Dharmasraya,Koto Besar,Koto Besar,27684
71647,Sumatera Barat,Dharmasraya,Koto Besar,Koto Gadang,27684
71648,Sumatera Barat,Dharmasraya,Koto Besar,Koto Laweh,27684
71649,Sumatera Barat,Dharmasraya,Koto Besar,Koto Ranah,27684
71650,Sumatera Barat,Dharmasraya,Koto Besar,Koto Tinggi,27684
71651,Sumatera Barat,Dharmasraya,Koto Salak,Ampalu,27681
71652,Sumatera Barat,Dharmasraya,Koto Salak,Koto Salak,27681
71653,Sumatera Barat,Dharmasraya,Koto Salak,Padukuan,27681
71654,Sumatera Barat,Dharmasraya,Koto Salak,Pulau Mainan,27681
71655,Sumatera Barat,Dharmasraya,Koto Salak,Simalidu,27681
71656,Sumatera Barat,Dharmasraya,Padang Laweh,Batu Rijal,27681
71657,Sumatera Barat,Dharmasraya,Padang Laweh,Muaro Sopan,27681
71658,Sumatera Barat,Dharmasraya,Padang Laweh,Padang Laweh,27681
71659,Sumatera Barat,Dharmasraya,Padang Laweh,Sopan Jaya,27681
71660,Sumatera Barat,Dharmasraya,Pulau Punjung,Empat Koto Pulau Punjung,27573
71661,Sumatera Barat,Dharmasraya,Pulau Punjung,Gunung Selasih,27573
71662,Sumatera Barat,Dharmasraya,Pulau Punjung,Sikabau,27573
71663,Sumatera Barat,Dharmasraya,Pulau Punjung,Sungai Dareh,27573
71664,Sumatera Barat,Dharmasraya,Pulau Punjung,Sungai Kambut,27573
71665,Sumatera Barat,Dharmasraya,Pulau Punjung,Tebing Tinggi,27573
71666,Sumatera Barat,Dharmasraya,Sembilan Koto,Banai,27681
71667,Sumatera Barat,Dharmasraya,Sembilan Koto,Koto Nan Empat Dibawuh,27681
71668,Sumatera Barat,Dharmasraya,Sembilan Koto,Lubuak Karak,27681
71669,Sumatera Barat,Dharmasraya,Sembilan Koto,Silago,27681
71670,Sumatera Barat,Dharmasraya,Sitiung,Gunung Medan,27678
71671,Sumatera Barat,Dharmasraya,Sitiung,Sei/Sungai Duo,27678
71672,Sumatera Barat,Dharmasraya,Sitiung,Siguntur,27678
71673,Sumatera Barat,Dharmasraya,Sitiung,Sitiung,27678
71674,Sumatera Barat,Dharmasraya,Sungai Rumbai,Kurnia Koto Salak,27684
71675,Sumatera Barat,Dharmasraya,Sungai Rumbai,Kurnia Selatan,27684
71676,Sumatera Barat,Dharmasraya,Sungai Rumbai,Sungai Rumbai,27684
71677,Sumatera Barat,Dharmasraya,Sungai Rumbai,Sungai Rumbai Timur,27684
71678,Sumatera Barat,Dharmasraya,Timpeh,Panyuberangan,27678
71679,Sumatera Barat,Dharmasraya,Timpeh,Ranah Palabi,27678
71680,Sumatera Barat,Dharmasraya,Timpeh,Tabek (Penyebrangan),27678
71681,Sumatera Barat,Dharmasraya,Timpeh,Taratak Tinggi,27678
71682,Sumatera Barat,Dharmasraya,Timpeh,Timpeh,27678
71683,Sumatera Barat,Dharmasraya,Tiumang,Koto Baringin,27681
71684,Sumatera Barat,Dharmasraya,Tiumang,Sei/Sungai Langkok,27681
71685,Sumatera Barat,Dharmasraya,Tiumang,Sipangkur,27681
71686,Sumatera Barat,Dharmasraya,Tiumang,Tiumang,27681
71687,Sumatera Barat,Kepulauan Mentawai,Pagai Selatan,Bulasat,25391
71688,Sumatera Barat,Kepulauan Mentawai,Pagai Selatan,Makalo,25391
71689,Sumatera Barat,Kepulauan Mentawai,Pagai Selatan,Malakopak,25391
71690,Sumatera Barat,Kepulauan Mentawai,Pagai Selatan,Sinakak,25391
71691,Sumatera Barat,Kepulauan Mentawai,Pagai Utara,Betumonga,25391
71692,Sumatera Barat,Kepulauan Mentawai,Pagai Utara,Saumanganyak,25391
71693,Sumatera Barat,Kepulauan Mentawai,Pagai Utara,Silabu,25391
71694,Sumatera Barat,Kepulauan Mentawai,Siberut Barat,Sigapokna,25394
71695,Sumatera Barat,Kepulauan Mentawai,Siberut Barat,Simalegi/Simaligi,25394
71696,Sumatera Barat,Kepulauan Mentawai,Siberut Barat,Simatalu Sipokak,25394
71697,Sumatera Barat,Kepulauan Mentawai,Siberut Barat Daya,Katurai/Katurei,25393
71698,Sumatera Barat,Kepulauan Mentawai,Siberut Barat Daya,Sagulubek (Sagalubeg/Sagalubbek),25393
71699,Sumatera Barat,Kepulauan Mentawai,Siberut Barat Daya,Taileleu (Pasakiat Taleleu),25393
71700,Sumatera Barat,Kepulauan Mentawai,Siberut Selatan,Madobak Ugai,25393
71701,Sumatera Barat,Kepulauan Mentawai,Siberut Selatan,Maileppet/Maleppet,25393
71702,Sumatera Barat,Kepulauan Mentawai,Siberut Selatan,Matotonan,25393
71703,Sumatera Barat,Kepulauan Mentawai,Siberut Selatan,Muara/Muaro Siberut,25393
71704,Sumatera Barat,Kepulauan Mentawai,Siberut Selatan,Muntei,25393
71705,Sumatera Barat,Kepulauan Mentawai,Siberut Tengah,Cimpungan,25394
71706,Sumatera Barat,Kepulauan Mentawai,Siberut Tengah,Saibi Muara (Saibi Samukop/Samokop),25393
71707,Sumatera Barat,Kepulauan Mentawai,Siberut Tengah,Saliguma,25393
71708,Sumatera Barat,Kepulauan Mentawai,Siberut Utara,Bojakan,25394
71709,Sumatera Barat,Kepulauan Mentawai,Siberut Utara,Malancang,25394
71710,Sumatera Barat,Kepulauan Mentawai,Siberut Utara,Mongan Poula/Paula,25394
71711,Sumatera Barat,Kepulauan Mentawai,Siberut Utara,Muara/Muaro Sikabaluan,25394
71712,Sumatera Barat,Kepulauan Mentawai,Siberut Utara,Sirilogui,25394
71713,Sumatera Barat,Kepulauan Mentawai,Siberut Utara,Sotboyak,25394
71714,Sumatera Barat,Kepulauan Mentawai,Sikakap,Matobek,25391
71715,Sumatera Barat,Kepulauan Mentawai,Sikakap,Sikakap,25391
71716,Sumatera Barat,Kepulauan Mentawai,Sikakap,Taikako,25391
71717,Sumatera Barat,Kepulauan Mentawai,Sipora Selatan,Beriulou,25392
71718,Sumatera Barat,Kepulauan Mentawai,Sipora Selatan,Bosua,25392
71719,Sumatera Barat,Kepulauan Mentawai,Sipora Selatan,Mara,25392
71720,Sumatera Barat,Kepulauan Mentawai,Sipora Selatan,Matobek,25392
71721,Sumatera Barat,Kepulauan Mentawai,Sipora Selatan,Nem-Nem Leleu,25392
71722,Sumatera Barat,Kepulauan Mentawai,Sipora Selatan,Saureinuk,25392
71723,Sumatera Barat,Kepulauan Mentawai,Sipora Selatan,Sioban,25392
71724,Sumatera Barat,Kepulauan Mentawai,Sipora Utara,Betumonga (Beutomonga),25392
71725,Sumatera Barat,Kepulauan Mentawai,Sipora Utara,Bukit Pamewa,25392
71726,Sumatera Barat,Kepulauan Mentawai,Sipora Utara,Gosooinan (Goisooinan),25392
71727,Sumatera Barat,Kepulauan Mentawai,Sipora Utara,Sido Makmur,25392
71728,Sumatera Barat,Kepulauan Mentawai,Sipora Utara,Sipora Jaya,25392
71729,Sumatera Barat,Kepulauan Mentawai,Sipora Utara,Tuapejat,25392
71730,Sumatera Barat,Lima Puluh Kota,Akabiluru,Batu Hampa,26252
71731,Sumatera Barat,Lima Puluh Kota,Akabiluru,Durian Gadang,26252
71732,Sumatera Barat,Lima Puluh Kota,Akabiluru,Koto Tangah Batu Hampa,26252
71733,Sumatera Barat,Lima Puluh Kota,Akabiluru,Pauh Sangik,26252
71734,Sumatera Barat,Lima Puluh Kota,Akabiluru,Sariak Laweh,26252
71735,Sumatera Barat,Lima Puluh Kota,Akabiluru,Sei/Sungai Balantik,26252
71736,Sumatera Barat,Lima Puluh Kota,Akabiluru,Suayan,26252
71737,Sumatera Barat,Lima Puluh Kota,Bukik Barisan,Banja Laweh,26257
71738,Sumatera Barat,Lima Puluh Kota,Bukik Barisan,Baruah Gunuang,26257
71739,Sumatera Barat,Lima Puluh Kota,Bukik Barisan,Koto Tangah,26257
71740,Sumatera Barat,Lima Puluh Kota,Bukik Barisan,Maek,26257
71741,Sumatera Barat,Lima Puluh Kota,Bukik Barisan,Sungai Naniang,26257
71742,Sumatera Barat,Lima Puluh Kota,Guguak (Gugu),Guguak VIII Koto,26253
71743,Sumatera Barat,Lima Puluh Kota,Guguak (Gugu),Kubang,26253
71744,Sumatera Barat,Lima Puluh Kota,Guguak (Gugu),Simpang Sugiran,26253
71745,Sumatera Barat,Lima Puluh Kota,Guguak (Gugu),Sungai Talang,26253
71746,Sumatera Barat,Lima Puluh Kota,Guguak (Gugu),VII/Tujuh Koto Talago,26253
71747,Sumatera Barat,Lima Puluh Kota,Gunuang Omeh (Gunung Mas),Koto Tinggi,26256
71748,Sumatera Barat,Lima Puluh Kota,Gunuang Omeh (Gunung Mas),Pandam Gadang,26256
71749,Sumatera Barat,Lima Puluh Kota,Gunuang Omeh (Gunung Mas),Talang Anau,26256
71750,Sumatera Barat,Lima Puluh Kota,Harau,Batu Balang,26271
71751,Sumatera Barat,Lima Puluh Kota,Harau,Bukik Limbuku,26271
71752,Sumatera Barat,Lima Puluh Kota,Harau,Gurun,26271
71753,Sumatera Barat,Lima Puluh Kota,Harau,Harau,26271
71754,Sumatera Barat,Lima Puluh Kota,Harau,Koto Tuo,26271
71755,Sumatera Barat,Lima Puluh Kota,Harau,Lubuak Batingkok,26271
71756,Sumatera Barat,Lima Puluh Kota,Harau,Pilubang,26271
71757,Sumatera Barat,Lima Puluh Kota,Harau,Sarilamak,26271
71758,Sumatera Barat,Lima Puluh Kota,Harau,Solok Bio-Bio,26271
71759,Sumatera Barat,Lima Puluh Kota,Harau,Taram,26271
71760,Sumatera Barat,Lima Puluh Kota,Harau,Tarantang,26271
71761,Sumatera Barat,Lima Puluh Kota,Kapur IX/Sembilan,Durian Tinggi,26273
71762,Sumatera Barat,Lima Puluh Kota,Kapur IX/Sembilan,Galugua/Gelugur,26273
71763,Sumatera Barat,Lima Puluh Kota,Kapur IX/Sembilan,Koto Bangun,26273
71764,Sumatera Barat,Lima Puluh Kota,Kapur IX/Sembilan,Koto Lamo,26273
71765,Sumatera Barat,Lima Puluh Kota,Kapur IX/Sembilan,Lubuk/Lubuak Alai,26273
71766,Sumatera Barat,Lima Puluh Kota,Kapur IX/Sembilan,Muaro Paiti,26273
71767,Sumatera Barat,Lima Puluh Kota,Kapur IX/Sembilan,Sialang,26273
71768,Sumatera Barat,Lima Puluh Kota,Lareh Sago Halaban,Ampalu,26262
71769,Sumatera Barat,Lima Puluh Kota,Lareh Sago Halaban,Balai Panjang,26262
71770,Sumatera Barat,Lima Puluh Kota,Lareh Sago Halaban,Batu Payung,26262
71771,Sumatera Barat,Lima Puluh Kota,Lareh Sago Halaban,Bukik Sikumpa,26262
71772,Sumatera Barat,Lima Puluh Kota,Lareh Sago Halaban,Halaban,26262
71773,Sumatera Barat,Lima Puluh Kota,Lareh Sago Halaban,Labuah Gunuang,26262
71774,Sumatera Barat,Lima Puluh Kota,Lareh Sago Halaban,Sitanang,26262
71775,Sumatera Barat,Lima Puluh Kota,Lareh Sago Halaban,Tanjung/Tanjuang Gadang,26262
71776,Sumatera Barat,Lima Puluh Kota,Luak (Luhak),Andaleh,26261
71777,Sumatera Barat,Lima Puluh Kota,Luak (Luhak),Mungo,26261
71778,Sumatera Barat,Lima Puluh Kota,Luak (Luhak),Sungai Kamuyang,26261
71779,Sumatera Barat,Lima Puluh Kota,Luak (Luhak),Tanjung Haro (Sikabu-Kabu/Tanjuang Haro),26261
71780,Sumatera Barat,Lima Puluh Kota,Mungka,Jopang Manganti,26254
71781,Sumatera Barat,Lima Puluh Kota,Mungka,Mungka,26254
71782,Sumatera Barat,Lima Puluh Kota,Mungka,Simpang Kapuak,26254
71783,Sumatera Barat,Lima Puluh Kota,Mungka,Sungai Antuan,26254
71784,Sumatera Barat,Lima Puluh Kota,Mungka,Talang Maua,26254
71785,Sumatera Barat,Lima Puluh Kota,Pangkalan Koto Baru,Gunuang Malintang,26272
71786,Sumatera Barat,Lima Puluh Kota,Pangkalan Koto Baru,Koto Alam,26272
71787,Sumatera Barat,Lima Puluh Kota,Pangkalan Koto Baru,Manggilang,26272
71788,Sumatera Barat,Lima Puluh Kota,Pangkalan Koto Baru,Pangkalan,26272
71789,Sumatera Barat,Lima Puluh Kota,Pangkalan Koto Baru,Tanjung/Tanjuang Balik,26272
71790,Sumatera Barat,Lima Puluh Kota,Pangkalan Koto Baru,Tanjung/Tanjuang Pauah,26272
71791,Sumatera Barat,Lima Puluh Kota,Payakumbuh,Koto Baru Simalanggang,26251
71792,Sumatera Barat,Lima Puluh Kota,Payakumbuh,Koto Tangah Simalanggang,26251
71793,Sumatera Barat,Lima Puluh Kota,Payakumbuh,Piobang,26251
71794,Sumatera Barat,Lima Puluh Kota,Payakumbuh,Simalanggang,26251
71795,Sumatera Barat,Lima Puluh Kota,Payakumbuh,Sungai Beringin,26251
71796,Sumatera Barat,Lima Puluh Kota,Payakumbuh,Taeh Baruah,26251
71797,Sumatera Barat,Lima Puluh Kota,Payakumbuh,Taeh Bukik,26251
71798,Sumatera Barat,Lima Puluh Kota,Situjuah Limo/Lima Nagari,Situjuah Banda Dalam,26252
71799,Sumatera Barat,Lima Puluh Kota,Situjuah Limo/Lima Nagari,Situjuah Batua,26252
71800,Sumatera Barat,Lima Puluh Kota,Situjuah Limo/Lima Nagari,Situjuah Gadang,26252
71801,Sumatera Barat,Lima Puluh Kota,Situjuah Limo/Lima Nagari,Situjuah Ladang Laweh,26252
71802,Sumatera Barat,Lima Puluh Kota,Situjuah Limo/Lima Nagari,Tungka,26252
71803,Sumatera Barat,Lima Puluh Kota,Suliki,Andiang,26255
71804,Sumatera Barat,Lima Puluh Kota,Suliki,Kurai,26255
71805,Sumatera Barat,Lima Puluh Kota,Suliki,Limbanang,26255
71806,Sumatera Barat,Lima Puluh Kota,Suliki,Suliki,26255
71807,Sumatera Barat,Lima Puluh Kota,Suliki,Sungai Rimbang,26255
71808,Sumatera Barat,Lima Puluh Kota,Suliki,Tanjuang Bungo,26255
71809,Sumatera Barat,Padang,Bungus Teluk Kabung,Bungus Barat,25237
71810,Sumatera Barat,Padang,Bungus Teluk Kabung,Bungus Selatan,25237
71811,Sumatera Barat,Padang,Bungus Teluk Kabung,Bungus Timur,25237
71812,Sumatera Barat,Padang,Bungus Teluk Kabung,Teluk Kabung Selatan,25237
71813,Sumatera Barat,Padang,Bungus Teluk Kabung,Teluk Kabung Tengah,25237
71814,Sumatera Barat,Padang,Bungus Teluk Kabung,Teluk Kabung Utara,25237
71815,Sumatera Barat,Padang,Koto Tangah,Air Pacah,25176
71816,Sumatera Barat,Padang,Koto Tangah,Balai Gadang,25171
71817,Sumatera Barat,Padang,Koto Tangah,Batang Kabung (K Ganting),25172
71818,Sumatera Barat,Padang,Koto Tangah,Batipuh Panjang,25171
71819,Sumatera Barat,Padang,Koto Tangah,Bungo Pasang,25171
71820,Sumatera Barat,Padang,Koto Tangah,Dadok Tunggul Hitam,25176
71821,Sumatera Barat,Padang,Koto Tangah,Koto Panjang Ikua Koto,25175
71822,Sumatera Barat,Padang,Koto Tangah,Koto Pulai,25171
71823,Sumatera Barat,Padang,Koto Tangah,Lubuk Buaya,25173
71824,Sumatera Barat,Padang,Koto Tangah,Lubuk Minturun,25175
71825,Sumatera Barat,Padang,Koto Tangah,Padang Sarai,25173
71826,Sumatera Barat,Padang,Koto Tangah,Parupuk Tabing,25171
71827,Sumatera Barat,Padang,Koto Tangah,Pasir/Pasie Nan Tigo,25171
71828,Sumatera Barat,Padang,Kuranji,Ampang,25154
71829,Sumatera Barat,Padang,Kuranji,Anduring,25151
71830,Sumatera Barat,Padang,Kuranji,Gunung Sarik,25158
71831,Sumatera Barat,Padang,Kuranji,Kalumbuk,25155
71832,Sumatera Barat,Padang,Kuranji,Korong Gadang,25156
71833,Sumatera Barat,Padang,Kuranji,Kuranji,25157
71834,Sumatera Barat,Padang,Kuranji,Lubuk Lintah,25153
71835,Sumatera Barat,Padang,Kuranji,Pasar Ambacang,25152
71836,Sumatera Barat,Padang,Kuranji,Sei/Sungai Sapih,25159
71837,Sumatera Barat,Padang,Lubuk Begalung,Banuaran,25222
71838,Sumatera Barat,Padang,Lubuk Begalung,Batang Taba Nan XX,25223
71839,Sumatera Barat,Padang,Lubuk Begalung,Cengkeh/Cangkeh Nan XX,25225
71840,Sumatera Barat,Padang,Lubuk Begalung,Gates Nan XX,25227
71841,Sumatera Barat,Padang,Lubuk Begalung,Gurun Laweh/Lawas,25221
71842,Sumatera Barat,Padang,Lubuk Begalung,Kampung Baru Nan XX,25225
71843,Sumatera Barat,Padang,Lubuk Begalung,Kampung Jua Nan XX,25225
71844,Sumatera Barat,Padang,Lubuk Begalung,Koto Baru,25227
71845,Sumatera Barat,Padang,Lubuk Begalung,Lubuk Begalung,25221
71846,Sumatera Barat,Padang,Lubuk Begalung,Pagambiran Ampulu (Pangambiran Ampalu) Nan XX,25226
71847,Sumatera Barat,Padang,Lubuk Begalung,Pampangan Nan XX,25227
71848,Sumatera Barat,Padang,Lubuk Begalung,Parak Laweh Pulau Air Nan XX,25223
71849,Sumatera Barat,Padang,Lubuk Begalung,Pitameh Tanjung Saba Nan XX,25224
71850,Sumatera Barat,Padang,Lubuk Begalung,Tanah Sirah Piai Nan XX,25224
71851,Sumatera Barat,Padang,Lubuk Begalung,Tanjung Aur/Tanjuang Aua,25222
71852,Sumatera Barat,Padang,Lubuk Kilangan,Bandar Buat (Banda Buek),25231
71853,Sumatera Barat,Padang,Lubuk Kilangan,Batu Gadang,25236
71854,Sumatera Barat,Padang,Lubuk Kilangan,Beringin/Baringin,25235
71855,Sumatera Barat,Padang,Lubuk Kilangan,Indarung,25237
71856,Sumatera Barat,Padang,Lubuk Kilangan,Koto Lalang,25232
71857,Sumatera Barat,Padang,Lubuk Kilangan,Padang Besi,25233
71858,Sumatera Barat,Padang,Lubuk Kilangan,Tarantang,25234
71859,Sumatera Barat,Padang,Nanggalo,Gurun Lawas/Laweh,25145
71860,Sumatera Barat,Padang,Nanggalo,Kampung Lapai,25142
71861,Sumatera Barat,Padang,Nanggalo,Kampung Olo,25143
71862,Sumatera Barat,Padang,Nanggalo,Kurao Pagang,25147
71863,Sumatera Barat,Padang,Nanggalo,Surau Gadang,25146
71864,Sumatera Barat,Padang,Nanggalo,Tabing Banda Gadang,25144
71865,Sumatera Barat,Padang,Padang Barat,Belakang Tangsi,25118
71866,Sumatera Barat,Padang,Padang Barat,Berok Nipah,25118
71867,Sumatera Barat,Padang,Padang Barat,Flamboyan (Plamboyan Baru),25114
71868,Sumatera Barat,Padang,Padang Barat,Kampung Jao,25112
71869,Sumatera Barat,Padang,Padang Barat,Kampung Pondok,25119
71870,Sumatera Barat,Padang,Padang Barat,Olo,25117
71871,Sumatera Barat,Padang,Padang Barat,Padang Pasir,25112
71872,Sumatera Barat,Padang,Padang Barat,Purus,25115
71873,Sumatera Barat,Padang,Padang Barat,Rimbo Kaluang,25111
71874,Sumatera Barat,Padang,Padang Barat,Ujung Gurun,25114
71875,Sumatera Barat,Padang,Padang Selatan,Air Manis (Aia Manih),25217
71876,Sumatera Barat,Padang,Padang Selatan,Alang Laweh,25211
71877,Sumatera Barat,Padang,Padang Selatan,Batang Arau,25215
71878,Sumatera Barat,Padang,Padang Selatan,Belakang Pondok,25211
71879,Sumatera Barat,Padang,Padang Selatan,Bukik/Bukit Gado-gado,25215
71880,Sumatera Barat,Padang,Padang Selatan,Mato/Mata Air,25216
71881,Sumatera Barat,Padang,Padang Selatan,Pasar Gadang,25213
71882,Sumatera Barat,Padang,Padang Selatan,Ranah Parak Rumbio,25212
71883,Sumatera Barat,Padang,Padang Selatan,Rawang,25216
71884,Sumatera Barat,Padang,Padang Selatan,Seberang Padang,25214
71885,Sumatera Barat,Padang,Padang Selatan,Seberang Palinggam,25215
71886,Sumatera Barat,Padang,Padang Selatan,Teluk Bayur/Taluak Bayua,25217
71887,Sumatera Barat,Padang,Padang Timur,Andalas,25126
71888,Sumatera Barat,Padang,Padang Timur,Ganting Parak Gadang,25122
71889,Sumatera Barat,Padang,Padang Timur,Jati,25129
71890,Sumatera Barat,Padang,Padang Timur,Jati Baru,25129
71891,Sumatera Barat,Padang,Padang Timur,Kubu Marapalam,25125
71892,Sumatera Barat,Padang,Padang Timur,Kubu Parak Karakah (Dalam),25126
71893,Sumatera Barat,Padang,Padang Timur,Parak Gadang Timur,25123
71894,Sumatera Barat,Padang,Padang Timur,Sawahan,25121
71895,Sumatera Barat,Padang,Padang Timur,Sawahan Timur,25121
71896,Sumatera Barat,Padang,Padang Timur,Simpang Haru,25123
71897,Sumatera Barat,Padang,Padang Utara,Air Tawar Barat,25132
71898,Sumatera Barat,Padang,Padang Utara,Air Tawar Timur,25132
71899,Sumatera Barat,Padang,Padang Utara,Alai Parak Kopi,25139
71900,Sumatera Barat,Padang,Padang Utara,Gunung Pangilun,25137
71901,Sumatera Barat,Padang,Padang Utara,Lolong Belanti,25136
71902,Sumatera Barat,Padang,Padang Utara,Ulak Karang Selatan,25134
71903,Sumatera Barat,Padang,Padang Utara,Ulak Karang Utara,25133
71904,Sumatera Barat,Padang,Pauh,Binuang Kampung Dalam,25161
71905,Sumatera Barat,Padang,Pauh,Cupak Tangah,25162
71906,Sumatera Barat,Padang,Pauh,Kepala/Kapalo Koto,25163
71907,Sumatera Barat,Padang,Pauh,Koto Luar,25164
71908,Sumatera Barat,Padang,Pauh,Lambung Bukit/Bukik,25168
71909,Sumatera Barat,Padang,Pauh,Limau Manis,25166
71910,Sumatera Barat,Padang,Pauh,Limau Manis Selatan,25163
71911,Sumatera Barat,Padang,Pauh,Piai Tangah,25162
71912,Sumatera Barat,Padang,Pauh,Pisang,25161
71913,Sumatera Barat,Padang Panjang,Padang Panjang Barat,Balai-Balai,27114
71914,Sumatera Barat,Padang Panjang,Padang Panjang Barat,Bukik/Bukit Surungan,27115
71915,Sumatera Barat,Padang Panjang,Padang Panjang Barat,Kampung Manggis,27111
71916,Sumatera Barat,Padang Panjang,Padang Panjang Barat,Pasar Baru,27113
71917,Sumatera Barat,Padang Panjang,Padang Panjang Barat,Pasar Usang,27116
71918,Sumatera Barat,Padang Panjang,Padang Panjang Barat,Silaing Atas,27117
71919,Sumatera Barat,Padang Panjang,Padang Panjang Barat,Silaing Bawah,27118
71920,Sumatera Barat,Padang Panjang,Padang Panjang Barat,Tanah Hitam,27112
71921,Sumatera Barat,Padang Panjang,Padang Panjang Timur,Ekor Lubuk,27125
71922,Sumatera Barat,Padang Panjang,Padang Panjang Timur,Ganting,27127
71923,Sumatera Barat,Padang Panjang,Padang Panjang Timur,Guguk Malintang,27128
71924,Sumatera Barat,Padang Panjang,Padang Panjang Timur,Koto Katik,27123
71925,Sumatera Barat,Padang Panjang,Padang Panjang Timur,Koto Panjang,27122
71926,Sumatera Barat,Padang Panjang,Padang Panjang Timur,Ngalau,27124
71927,Sumatera Barat,Padang Panjang,Padang Panjang Timur,Sigando,27126
71928,Sumatera Barat,Padang Panjang,Padang Panjang Timur,Tanah Pak Lambik,27121
71929,Sumatera Barat,Padang Pariaman,2 X 11 Enam Lingkung,Lubuk Pandan,25584
71930,Sumatera Barat,Padang Pariaman,2 X 11 Enam Lingkung,Sicincin,25584
71931,Sumatera Barat,Padang Pariaman,2 X 11 Enam Lingkung,Sungai Asam,25584
71932,Sumatera Barat,Padang Pariaman,2 X 11 Kayu Tanam,Anduring (Anduriang),25584
71933,Sumatera Barat,Padang Pariaman,2 X 11 Kayu Tanam,Guguak,25584
71934,Sumatera Barat,Padang Pariaman,2 X 11 Kayu Tanam,Kapalo Hilalang,25584
71935,Sumatera Barat,Padang Pariaman,2 X 11 Kayu Tanam,Kayu Tanam,25584
71936,Sumatera Barat,Padang Pariaman,Batang Anai,Buayan Lubuk Alung,25586
71937,Sumatera Barat,Padang Pariaman,Batang Anai,Kasang,25586
71938,Sumatera Barat,Padang Pariaman,Batang Anai,Katapiang,25586
71939,Sumatera Barat,Padang Pariaman,Batang Anai,Sungai Buluh,25586
71940,Sumatera Barat,Padang Pariaman,Batang Gasan,Gasan Gadang,25563
71941,Sumatera Barat,Padang Pariaman,Batang Gasan,Malai V Suku,25563
71942,Sumatera Barat,Padang Pariaman,Enam Lingkung,Gadua/Gadur,25584
71943,Sumatera Barat,Padang Pariaman,Enam Lingkung,Koto Tinggi,25584
71944,Sumatera Barat,Padang Pariaman,Enam Lingkung,Pakandangan,25584
71945,Sumatera Barat,Padang Pariaman,Enam Lingkung,Parit Malintang,25584
71946,Sumatera Barat,Padang Pariaman,Enam Lingkung,Toboh Ketek,25584
71947,Sumatera Barat,Padang Pariaman,IV Koto Aur Malintang,Balai Baiak Malai III Koto,25564
71948,Sumatera Barat,Padang Pariaman,IV Koto Aur Malintang,III Koto Aur Malintang,25564
71949,Sumatera Barat,Padang Pariaman,IV Koto Aur Malintang,III Koto Aur Malintang Selatan,25564
71950,Sumatera Barat,Padang Pariaman,IV Koto Aur Malintang,III Koto Aur Malintang Timur,25564
71951,Sumatera Barat,Padang Pariaman,IV Koto Aur Malintang,III Koto Aur Malintang Utara,25564
71952,Sumatera Barat,Padang Pariaman,Lubuk Alung,Aie Tajun Lubuk Alung,25581
71953,Sumatera Barat,Padang Pariaman,Lubuk Alung,Lubuk Alung,25581
71954,Sumatera Barat,Padang Pariaman,Lubuk Alung,Pasie Laweh Lubuk Alung,25581
71955,Sumatera Barat,Padang Pariaman,Lubuk Alung,Pungguang Kasiak Lubuk Alung,25581
71956,Sumatera Barat,Padang Pariaman,Lubuk Alung,Sikabu Lubuk Alung,25581
71957,Sumatera Barat,Padang Pariaman,Nan Sabaris,Kapalo Koto,25571
71958,Sumatera Barat,Padang Pariaman,Nan Sabaris,Kurai Taji,25571
71959,Sumatera Barat,Padang Pariaman,Nan Sabaris,Padang Bintungan,25571
71960,Sumatera Barat,Padang Pariaman,Nan Sabaris,Pauah Kambar,25571
71961,Sumatera Barat,Padang Pariaman,Nan Sabaris,Sunua,25571
71962,Sumatera Barat,Padang Pariaman,Padang Sago,Batu Kalang,25573
71963,Sumatera Barat,Padang Pariaman,Padang Sago,Koto Baru,25573
71964,Sumatera Barat,Padang Pariaman,Padang Sago,Koto Dalam,25573
71965,Sumatera Barat,Padang Pariaman,Patamuan,Sungai Durian,25573
71966,Sumatera Barat,Padang Pariaman,Patamuan,Tandikat/Tandikek,25573
71967,Sumatera Barat,Padang Pariaman,Patamuan,Tandikek Utara,25573
71968,Sumatera Barat,Padang Pariaman,Sintuk/Sintuak Toboh Gadang,Sintuk/Sintuak,25582
71969,Sumatera Barat,Padang Pariaman,Sintuk/Sintuak Toboh Gadang,Toboh Gadang,25582
71970,Sumatera Barat,Padang Pariaman,Sungai Geringging/Garingging,Batu Gadang Kuranji Hulu,25563
71971,Sumatera Barat,Padang Pariaman,Sungai Geringging/Garingging,Kuranji Hulu,25563
71972,Sumatera Barat,Padang Pariaman,Sungai Geringging/Garingging,Malai III Koto,25563
71973,Sumatera Barat,Padang Pariaman,Sungai Geringging/Garingging,Sungai Sirah Kuranji Hulu,25563
71974,Sumatera Barat,Padang Pariaman,Sungai Limau,Guguak Kuranji Hilir,25561
71975,Sumatera Barat,Padang Pariaman,Sungai Limau,Koto Tinggi Kuranji Hilir,25561
71976,Sumatera Barat,Padang Pariaman,Sungai Limau,Kuranji Hilir,25561
71977,Sumatera Barat,Padang Pariaman,Sungai Limau,Pilubang,25561
71978,Sumatera Barat,Padang Pariaman,Ulakan Tapakih/Tapakis,Tapakih/Tapakis,25572
71979,Sumatera Barat,Padang Pariaman,Ulakan Tapakih/Tapakis,Ulakan,25572
71980,Sumatera Barat,Padang Pariaman,V Koto Kampung Dalam,Campago,25552
71981,Sumatera Barat,Padang Pariaman,V Koto Kampung Dalam,Sikucur,25552
71982,Sumatera Barat,Padang Pariaman,V Koto Timur,Gunung Padang Alai,25573
71983,Sumatera Barat,Padang Pariaman,V Koto Timur,Kudu Ganting/Gantiang,25573
71984,Sumatera Barat,Padang Pariaman,V Koto Timur,Limau Puruik,25573
71985,Sumatera Barat,Padang Pariaman,VII Koto Sungai Sarik,Balah Aia,25573
71986,Sumatera Barat,Padang Pariaman,VII Koto Sungai Sarik,Lareh Nan Panjang,25573
71987,Sumatera Barat,Padang Pariaman,VII Koto Sungai Sarik,Lurah Ampalu,25573
71988,Sumatera Barat,Padang Pariaman,VII Koto Sungai Sarik,Sungai Sariak,25573
71989,Sumatera Barat,Pariaman,Pariaman Selatan,Balai Kurai Taji,25531
71990,Sumatera Barat,Pariaman,Pariaman Selatan,Batang Tajongkek,25531
71991,Sumatera Barat,Pariaman,Pariaman Selatan,Kampung/Kampuang Apar,25539
71992,Sumatera Barat,Pariaman,Pariaman Selatan,Marabau,25537
71993,Sumatera Barat,Pariaman,Pariaman Selatan,Marunggih,25538
71994,Sumatera Barat,Pariaman,Pariaman Selatan,Padang Cakua,25537
71995,Sumatera Barat,Pariaman,Pariaman Selatan,Palak Aneh,25539
71996,Sumatera Barat,Pariaman,Pariaman Selatan,Pasir Sunur / Pasa Sunua (Pasia Sunua),25538
71997,Sumatera Barat,Pariaman,Pariaman Selatan,Pauh Kurai Taji (Pauah),25532
71998,Sumatera Barat,Pariaman,Pariaman Selatan,Pungguang Ladiang,25533
71999,Sumatera Barat,Pariaman,Pariaman Selatan,Rambai,25533
72000,Sumatera Barat,Pariaman,Pariaman Selatan,Sikabu,25539
72001,Sumatera Barat,Pariaman,Pariaman Selatan,Simpang (Kurai Taji),25532
72002,Sumatera Barat,Pariaman,Pariaman Selatan,Sungai Kasai,25537
72003,Sumatera Barat,Pariaman,Pariaman Selatan,Taluak,25538
72004,Sumatera Barat,Pariaman,Pariaman Selatan,Toboh Palabah,25536
72005,Sumatera Barat,Pariaman,Pariaman Tengah,Alai Galombang,25519
72006,Sumatera Barat,Pariaman,Pariaman Tengah,Cimparuah,25511
72007,Sumatera Barat,Pariaman,Pariaman Tengah,Jalan Baru,25515
72008,Sumatera Barat,Pariaman,Pariaman Tengah,Jalan Kereta Api,25515
72009,Sumatera Barat,Pariaman,Pariaman Tengah,Jati Hilir (Jalan Hilia),25519
72010,Sumatera Barat,Pariaman,Pariaman Tengah,Jati Mudik / Mudiak,25517
72011,Sumatera Barat,Pariaman,Pariaman Tengah,Jawi-Jawi I,25518
72012,Sumatera Barat,Pariaman,Pariaman Tengah,Jawi-Jawi II,25518
72013,Sumatera Barat,Pariaman,Pariaman Tengah,Kampung Jawa I,25511
72014,Sumatera Barat,Pariaman,Pariaman Tengah,Kampung Jawa II,25511
72015,Sumatera Barat,Pariaman,Pariaman Tengah,Kampung Perak,25513
72016,Sumatera Barat,Pariaman,Pariaman Tengah,Kampung Pondok,25512
72017,Sumatera Barat,Pariaman,Pariaman Tengah,Kampung Pondok II,25512
72018,Sumatera Barat,Pariaman,Pariaman Tengah,Kampung/Kampuang Baru,25514
72019,Sumatera Barat,Pariaman,Pariaman Tengah,Karan Aur,25514
72020,Sumatera Barat,Pariaman,Pariaman Tengah,Lohong,25513
72021,Sumatera Barat,Pariaman,Pariaman Tengah,Pasir,25513
72022,Sumatera Barat,Pariaman,Pariaman Tengah,Pauah/Pauh Barat,25512
72023,Sumatera Barat,Pariaman,Pariaman Tengah,Pauah/Pauh Timur,25512
72024,Sumatera Barat,Pariaman,Pariaman Tengah,Rawang,25511
72025,Sumatera Barat,Pariaman,Pariaman Tengah,Taratak,25517
72026,Sumatera Barat,Pariaman,Pariaman Tengah,Ujung Batung (Ujuang Batuang),25516
72027,Sumatera Barat,Pariaman,Pariaman Timur,Aia Santok,25531
72028,Sumatera Barat,Pariaman,Pariaman Timur,Batang Kabung / Kabuang,25519
72029,Sumatera Barat,Pariaman,Pariaman Timur,Bato,25519
72030,Sumatera Barat,Pariaman,Pariaman Timur,Bungo Tanjung,25535
72031,Sumatera Barat,Pariaman,Pariaman Timur,Cubadak Mentawai,25516
72032,Sumatera Barat,Pariaman,Pariaman Timur,Kajai,25534
72033,Sumatera Barat,Pariaman,Pariaman Timur,Kaluat / Kaluaik (Kaluaiak),25534
72034,Sumatera Barat,Pariaman,Pariaman Timur,Kampuang Gadang,25523
72035,Sumatera Barat,Pariaman,Pariaman Timur,Kampung Baru Padusunan,25524
72036,Sumatera Barat,Pariaman,Pariaman Timur,Kampung Kandang,25536
72037,Sumatera Barat,Pariaman,Pariaman Timur,Kampung Tangah,25535
72038,Sumatera Barat,Pariaman,Pariaman Timur,Koto Marapak,25519
72039,Sumatera Barat,Pariaman,Pariaman Timur,Pakasai,25524
72040,Sumatera Barat,Pariaman,Pariaman Timur,Sungai Pasak,25516
72041,Sumatera Barat,Pariaman,Pariaman Timur,Sungai Sirah,25516
72042,Sumatera Barat,Pariaman,Pariaman Timur,Talago Sariak,25523
72043,Sumatera Barat,Pariaman,Pariaman Utara,Ampalu,25522
72044,Sumatera Barat,Pariaman,Pariaman Utara,Apar,25522
72045,Sumatera Barat,Pariaman,Pariaman Utara,Balai Naras/Nareh,25521
72046,Sumatera Barat,Pariaman,Pariaman Utara,Cubadak Aia Selatan,25524
72047,Sumatera Barat,Pariaman,Pariaman Utara,Cubadak Aia Utara,25524
72048,Sumatera Barat,Pariaman,Pariaman Utara,Cubadak Air/Aia,25524
72049,Sumatera Barat,Pariaman,Pariaman Utara,Mangguang,25522
72050,Sumatera Barat,Pariaman,Pariaman Utara,Naras Hilir (Nareh Hilia),25522
72051,Sumatera Barat,Pariaman,Pariaman Utara,Naras I (Nareh I),25521
72052,Sumatera Barat,Pariaman,Pariaman Utara,Padang Birik-Birik (Biriak-Biriak),25521
72053,Sumatera Barat,Pariaman,Pariaman Utara,Sikapak Barat,25526
72054,Sumatera Barat,Pariaman,Pariaman Utara,Sikapak Timur,25526
72055,Sumatera Barat,Pariaman,Pariaman Utara,Sintuk (Sintuak),25521
72056,Sumatera Barat,Pariaman,Pariaman Utara,Sungai Rambai,25529
72057,Sumatera Barat,Pariaman,Pariaman Utara,Tanjuang Sabar,25523
72058,Sumatera Barat,Pariaman,Pariaman Utara,Tungka Selatan,25521
72059,Sumatera Barat,Pariaman,Pariaman Utara,Tungka Utara,25521
72060,Sumatera Barat,Pasaman,Bonjol,Ganggo Hilia,26381
72061,Sumatera Barat,Pasaman,Bonjol,Ganggo Mudiak,26381
72062,Sumatera Barat,Pasaman,Bonjol,Koto Kaciak,26381
72063,Sumatera Barat,Pasaman,Bonjol,Limo Koto,26381
72064,Sumatera Barat,Pasaman,Duo Koto (II Koto),Cubadak (Pasa Cubadak),26311
72065,Sumatera Barat,Pasaman,Duo Koto (II Koto),Simpang Tonang,26311
72066,Sumatera Barat,Pasaman,Lubuk Sikaping,Aia Manggih,26318
72067,Sumatera Barat,Pasaman,Lubuk Sikaping,Durian Tinggi,26318
72068,Sumatera Barat,Pasaman,Lubuk Sikaping,Jambak,26318
72069,Sumatera Barat,Pasaman,Lubuk Sikaping,Pauah,26318
72070,Sumatera Barat,Pasaman,Lubuk Sikaping,Sundata,26318
72071,Sumatera Barat,Pasaman,Lubuk Sikaping,Tanjuang Baringin,26318
72072,Sumatera Barat,Pasaman,Mapat Tunggul,Lubuk/Lubuak Gadang,26353
72073,Sumatera Barat,Pasaman,Mapat Tunggul,Muara Tais,26353
72074,Sumatera Barat,Pasaman,Mapat Tunggul,Pintu Padang,26353
72075,Sumatera Barat,Pasaman,Mapat Tunggul Selatan,Muaro Sei/Sungai Lolo,26353
72076,Sumatera Barat,Pasaman,Mapat Tunggul Selatan,Silayang,26353
72077,Sumatera Barat,Pasaman,Padang Gelugur,Padang Gelugur,26352
72078,Sumatera Barat,Pasaman,Panti,Panti,26352
72079,Sumatera Barat,Pasaman,Rao,Padang Metinggi/Mantinggi,26353
72080,Sumatera Barat,Pasaman,Rao,Taruang Taruang,26353
72081,Sumatera Barat,Pasaman,Rao Selatan,Lansek Kadok,26353
72082,Sumatera Barat,Pasaman,Rao Selatan,Lubuak Layang,26353
72083,Sumatera Barat,Pasaman,Rao Selatan,Tanjung Betung,26353
72084,Sumatera Barat,Pasaman,Rao Utara,Koto Nopan,26353
72085,Sumatera Barat,Pasaman,Rao Utara,Koto Rajo,26353
72086,Sumatera Barat,Pasaman,Rao Utara,Languang,26353
72087,Sumatera Barat,Pasaman,Simpang Alahan Mati,Alahan Mati,26381
72088,Sumatera Barat,Pasaman,Simpang Alahan Mati,Simpang,26381
72089,Sumatera Barat,Pasaman,Tigo Nagari (III Nagari),Binjai,26353
72090,Sumatera Barat,Pasaman,Tigo Nagari (III Nagari),Ladang Panjang,26353
72091,Sumatera Barat,Pasaman,Tigo Nagari (III Nagari),Malampah,26353
72092,Sumatera Barat,Pasaman Barat,Gunung Tuleh,Muaro Kiawi,26571
72093,Sumatera Barat,Pasaman Barat,Gunung Tuleh,Rabi Jonggor,26571
72094,Sumatera Barat,Pasaman Barat,Kinali,Katiagan Mandiangin,26567
72095,Sumatera Barat,Pasaman Barat,Kinali,Kinali,26567
72096,Sumatera Barat,Pasaman Barat,Koto Balingka,Parit/Parik,26572
72097,Sumatera Barat,Pasaman Barat,Lembah Melintang,Ujung Gading,26572
72098,Sumatera Barat,Pasaman Barat,Luhak Nan Duo,Kapar,26567
72099,Sumatera Barat,Pasaman Barat,Luhak Nan Duo,Koto Baru,26567
72100,Sumatera Barat,Pasaman Barat,Pasaman,Aia Gadang,26566
72101,Sumatera Barat,Pasaman Barat,Pasaman,Aua Kuniang,26566
72102,Sumatera Barat,Pasaman Barat,Pasaman,Lingkuang Aua,26566
72103,Sumatera Barat,Pasaman Barat,Ranah Batahan,Batahan,26366
72104,Sumatera Barat,Pasaman Barat,Ranah Batahan,Desa Baru,26366
72105,Sumatera Barat,Pasaman Barat,Sasak Ranah Pasisir/Pesisie,Sasak,26366
72106,Sumatera Barat,Pasaman Barat,Sei Beremas,Aia Bangih,26573
72107,Sumatera Barat,Pasaman Barat,Sungai Aur,Sungai Aur,26573
72108,Sumatera Barat,Pasaman Barat,Talamau,Kajai,26561
72109,Sumatera Barat,Pasaman Barat,Talamau,Sinuruik,26561
72110,Sumatera Barat,Pasaman Barat,Talamau,Talu,26561
72111,Sumatera Barat,Payakumbuh,Lamposi Tigo Nagari,Koto Panjang,26219
72112,Sumatera Barat,Payakumbuh,Lamposi Tigo Nagari,Koto Panjang Dalam,26219
72113,Sumatera Barat,Payakumbuh,Lamposi Tigo Nagari,Padang Sikabu,26219
72114,Sumatera Barat,Payakumbuh,Lamposi Tigo Nagari,Parambahan,26219
72115,Sumatera Barat,Payakumbuh,Lamposi Tigo Nagari,Parik Muko Aie (Parit Muka Air),26219
72116,Sumatera Barat,Payakumbuh,Lamposi Tigo Nagari,Sei/Sungai Durian,26219
72117,Sumatera Barat,Payakumbuh,Payakumbuh Barat,Balai Nan Duo,26224
72118,Sumatera Barat,Payakumbuh,Payakumbuh Barat,Bulakan Balai Kandih,26225
72119,Sumatera Barat,Payakumbuh,Payakumbuh Barat,Daya Bangun,26221
72120,Sumatera Barat,Payakumbuh,Payakumbuh Barat,Ibuh,26229
72121,Sumatera Barat,Payakumbuh,Payakumbuh Barat,Koto Tangah,26223
72122,Sumatera Barat,Payakumbuh,Payakumbuh Barat,Kubu Gadang,26226
72123,Sumatera Barat,Payakumbuh,Payakumbuh Barat,Labuh/Labuah Basilang,26229
72124,Sumatera Barat,Payakumbuh,Payakumbuh Barat,Nunang,26221
72125,Sumatera Barat,Payakumbuh,Payakumbuh Barat,Padang Datar,26223
72126,Sumatera Barat,Payakumbuh,Payakumbuh Barat,Padang Tangah,26224
72127,Sumatera Barat,Payakumbuh,Payakumbuh Barat,Padang Tinggi,26224
72128,Sumatera Barat,Payakumbuh,Payakumbuh Barat,Pakan Sinayan,26226
72129,Sumatera Barat,Payakumbuh,Payakumbuh Barat,Parak Batung (Betung/Batuang),26222
72130,Sumatera Barat,Payakumbuh,Payakumbuh Barat,Parik/Parit Rantang,26222
72131,Sumatera Barat,Payakumbuh,Payakumbuh Barat,Payolansek,26225
72132,Sumatera Barat,Payakumbuh,Payakumbuh Barat,Piliang,26224
72133,Sumatera Barat,Payakumbuh,Payakumbuh Barat,Sei/Sungai Panago/Pinago,26224
72134,Sumatera Barat,Payakumbuh,Payakumbuh Barat,Subarang Batung (Betung/Batuang),26223
72135,Sumatera Barat,Payakumbuh,Payakumbuh Barat,Talang,26225
72136,Sumatera Barat,Payakumbuh,Payakumbuh Barat,Tanah Mati,26223
72137,Sumatera Barat,Payakumbuh,Payakumbuh Barat,Tanjung Pauh/Tanjuang Pauah,26229
72138,Sumatera Barat,Payakumbuh,Payakumbuh Barat,Tanjung/Tanjuang Gadang,26225
72139,Sumatera Barat,Payakumbuh,Payakumbuh Selatan,Ampangan,26228
72140,Sumatera Barat,Payakumbuh,Payakumbuh Selatan,Aur Kuning/Aua Kuniang,26228
72141,Sumatera Barat,Payakumbuh,Payakumbuh Selatan,Balai Panjang,26226
72142,Sumatera Barat,Payakumbuh,Payakumbuh Selatan,Kapalo Koto,26228
72143,Sumatera Barat,Payakumbuh,Payakumbuh Selatan,Koto Tuo,26226
72144,Sumatera Barat,Payakumbuh,Payakumbuh Selatan,Limbukan,26227
72145,Sumatera Barat,Payakumbuh,Payakumbuh Selatan,Limo Kampung/Kampuang,26227
72146,Sumatera Barat,Payakumbuh,Payakumbuh Selatan,Padang Kerambil/Karambia,26227
72147,Sumatera Barat,Payakumbuh,Payakumbuh Selatan,Sawah Padang,26228
72148,Sumatera Barat,Payakumbuh,Payakumbuh Timur,Balai Batimah,26231
72149,Sumatera Barat,Payakumbuh,Payakumbuh Timur,Balai Jaring/Jariang,26235
72150,Sumatera Barat,Payakumbuh,Payakumbuh Timur,Balai Nan Tuo,26231
72151,Sumatera Barat,Payakumbuh,Payakumbuh Timur,Bodi,26235
72152,Sumatera Barat,Payakumbuh,Payakumbuh Timur,Koto Baru,26237
72153,Sumatera Barat,Payakumbuh,Payakumbuh Timur,Koto Panjang,26237
72154,Sumatera Barat,Payakumbuh,Payakumbuh Timur,Padang Alai,26236
72155,Sumatera Barat,Payakumbuh,Payakumbuh Timur,Padang Tangah Payobadar,26231
72156,Sumatera Barat,Payakumbuh,Payakumbuh Timur,Padang Tiakar Hilir/Hilie,26232
72157,Sumatera Barat,Payakumbuh,Payakumbuh Timur,Padang Tiakar Mudik/Mudiak,26232
72158,Sumatera Barat,Payakumbuh,Payakumbuh Timur,Payobasung/Payobasuang,26237
72159,Sumatera Barat,Payakumbuh,Payakumbuh Timur,Ranah,26231
72160,Sumatera Barat,Payakumbuh,Payakumbuh Timur,Sicincin Hilir/Hilie,26233
72161,Sumatera Barat,Payakumbuh,Payakumbuh Timur,Sicincin Mudik/Mudiak,26233
72162,Sumatera Barat,Payakumbuh,Payakumbuh Utara,Balai Baru,26212
72163,Sumatera Barat,Payakumbuh,Payakumbuh Utara,Balai Betung (Batung/Batuang),26216
72164,Sumatera Barat,Payakumbuh,Payakumbuh Utara,Balai Cacang,26214
72165,Sumatera Barat,Payakumbuh,Payakumbuh Utara,Balai Gadang,26214
72166,Sumatera Barat,Payakumbuh,Payakumbuh Utara,Balai Gurun,26212
72167,Sumatera Barat,Payakumbuh,Payakumbuh Utara,Balai Jaring/Jariang,26214
72168,Sumatera Barat,Payakumbuh,Payakumbuh Utara,Balai Kalikih,26213
72169,Sumatera Barat,Payakumbuh,Payakumbuh Utara,Bunian,26211
72170,Sumatera Barat,Payakumbuh,Payakumbuh Utara,Cubadak Air/Aie,26217
72171,Sumatera Barat,Payakumbuh,Payakumbuh Utara,Kaning/Kaniang Bukik,26215
72172,Sumatera Barat,Payakumbuh,Payakumbuh Utara,Koto Baru,26211
72173,Sumatera Barat,Payakumbuh,Payakumbuh Utara,Kubu Gadang,26213
72174,Sumatera Barat,Payakumbuh,Payakumbuh Utara,Labuh/Labuah Baru,26213
72175,Sumatera Barat,Payakumbuh,Payakumbuh Utara,Muaro,26215
72176,Sumatera Barat,Payakumbuh,Payakumbuh Utara,Nan Kodok,26215
72177,Sumatera Barat,Payakumbuh,Payakumbuh Utara,Napar,26218
72178,Sumatera Barat,Payakumbuh,Payakumbuh Utara,Padang Kaduduk/Kaduduak,26218
72179,Sumatera Barat,Payakumbuh,Payakumbuh Utara,Pasir/Pasie,26215
72180,Sumatera Barat,Payakumbuh,Payakumbuh Utara,Payolinyam,26217
72181,Sumatera Barat,Payakumbuh,Payakumbuh Utara,Payonibung/Payonibuang,26217
72182,Sumatera Barat,Payakumbuh,Payakumbuh Utara,Talawi,26216
72183,Sumatera Barat,Payakumbuh,Payakumbuh Utara,Tanjung Anau (Tanjuang Anau),26216
72184,Sumatera Barat,Payakumbuh,Payakumbuh Utara,Tarok,26218
72185,Sumatera Barat,Payakumbuh,Payakumbuh Utara,Taruko,26216
72186,Sumatera Barat,Payakumbuh,Payakumbuh Utara,Timbago/Tambago,26217
72187,Sumatera Barat,Pesisir Selatan,Airpura,Damar Lapan Batang Inderapura,25673
72188,Sumatera Barat,Pesisir Selatan,Airpura,Indrapura/Inderapura Timur,25673
72189,Sumatera Barat,Pesisir Selatan,Airpura,Indrapura/Inderapura Utara,25673
72190,Sumatera Barat,Pesisir Selatan,Airpura,Lalang Panjang Inderapura,25673
72191,Sumatera Barat,Pesisir Selatan,Airpura,Lubuk Betung Inderapura,25673
72192,Sumatera Barat,Pesisir Selatan,Airpura,Muara Inderapura,25673
72193,Sumatera Barat,Pesisir Selatan,Airpura,Palokan Inderapura,25673
72194,Sumatera Barat,Pesisir Selatan,Airpura,Pulaurajo Inderapura,25673
72195,Sumatera Barat,Pesisir Selatan,Airpura,Tanah Bakali Inderapura,25673
72196,Sumatera Barat,Pesisir Selatan,Airpura,Tluk Kualo Inderapura,25673
72197,Sumatera Barat,Pesisir Selatan,Basa Ampek Balai Tapan,Ampang Tulak Tapan,25673
72198,Sumatera Barat,Pesisir Selatan,Basa Ampek Balai Tapan,Batang Arah Tapan,25673
72199,Sumatera Barat,Pesisir Selatan,Basa Ampek Balai Tapan,Batang Betung Tapan,25673
72200,Sumatera Barat,Pesisir Selatan,Basa Ampek Balai Tapan,Bukitbuai Tapan,25673
72201,Sumatera Barat,Pesisir Selatan,Basa Ampek Balai Tapan,Dusun Baru Tapan,25673
72202,Sumatera Barat,Pesisir Selatan,Basa Ampek Balai Tapan,Koto Anau Tapan,25673
72203,Sumatera Barat,Pesisir Selatan,Basa Ampek Balai Tapan,Limau Purut Tapan,25673
72204,Sumatera Barat,Pesisir Selatan,Basa Ampek Balai Tapan,Pasar Tapan,25673
72205,Sumatera Barat,Pesisir Selatan,Basa Ampek Balai Tapan,Riakdanau Tapan,25673
72206,Sumatera Barat,Pesisir Selatan,Basa Ampek Balai Tapan,Tanjungpondok Tapan,25673
72207,Sumatera Barat,Pesisir Selatan,Basa Ampek Balai Tapan,Tapan,25673
72208,Sumatera Barat,Pesisir Selatan,Batang Kapas,IV Koto Hilie,25661
72209,Sumatera Barat,Pesisir Selatan,Batang Kapas,IV Koto Mudiek,25661
72210,Sumatera Barat,Pesisir Selatan,Batang Kapas,Koto Nan Duo IV Koto Hilie,25661
72211,Sumatera Barat,Pesisir Selatan,Batang Kapas,Koto Nan Tigo IV Koto Hilie,25661
72212,Sumatera Barat,Pesisir Selatan,Batang Kapas,Sungainyalo IV Koto Mudiek,25661
72213,Sumatera Barat,Pesisir Selatan,Batang Kapas,Taluak,25661
72214,Sumatera Barat,Pesisir Selatan,Batang Kapas,Taluk Tigo Sakato,25661
72215,Sumatera Barat,Pesisir Selatan,Batang Kapas,Teratak Tempatih IV Koto Mudiek,25661
72216,Sumatera Barat,Pesisir Selatan,Batang Kapas,Tuik IV Koto Mudiek,25661
72217,Sumatera Barat,Pesisir Selatan,Bayang,Api-api Pasar Baru,25652
72218,Sumatera Barat,Pesisir Selatan,Bayang,Asamkamba Pasar Baru,25652
72219,Sumatera Barat,Pesisir Selatan,Bayang,Aur Begalung Talaok,25652
72220,Sumatera Barat,Pesisir Selatan,Bayang,Gurun Panjang,25652
72221,Sumatera Barat,Pesisir Selatan,Bayang,Gurun Panjang Barat,25652
72222,Sumatera Barat,Pesisir Selatan,Bayang,Gurun Panjang Selatan,25652
72223,Sumatera Barat,Pesisir Selatan,Bayang,Gurun Panjang Utara,25652
72224,Sumatera Barat,Pesisir Selatan,Bayang,Kapeh Panji Jaya Talaok,25652
72225,Sumatera Barat,Pesisir Selatan,Bayang,Kapelgam Koto Berapak,25652
72226,Sumatera Barat,Pesisir Selatan,Bayang,Kapujan Koto Berapak,25652
72227,Sumatera Barat,Pesisir Selatan,Bayang,Koto Baru Koto Berapak,25652
72228,Sumatera Barat,Pesisir Selatan,Bayang,Koto Berapak,25652
72229,Sumatera Barat,Pesisir Selatan,Bayang,Kubang Koto Berapak,25652
72230,Sumatera Barat,Pesisir Selatan,Bayang,Pasar Baru,25652
72231,Sumatera Barat,Pesisir Selatan,Bayang,Sawahlaweh Pasar Baru,25652
72232,Sumatera Barat,Pesisir Selatan,Bayang,Talaok,25652
72233,Sumatera Barat,Pesisir Selatan,Bayang,Tanjungdurian Pasar Baru,25652
72234,Sumatera Barat,Pesisir Selatan,IV Jurai,Ampang Tareh Lumpo,25651
72235,Sumatera Barat,Pesisir Selatan,IV Jurai,Ampuan Lumpo,25651
72236,Sumatera Barat,Pesisir Selatan,IV Jurai,Balai Sinayan Lumpo,25651
72237,Sumatera Barat,Pesisir Selatan,IV Jurai,Batu Kunik Lumpo,25651
72238,Sumatera Barat,Pesisir Selatan,IV Jurai,Bunga Pasang Salido,25651
72239,Sumatera Barat,Pesisir Selatan,IV Jurai,Gunungbungkuak Lumpo,25651
72240,Sumatera Barat,Pesisir Selatan,IV Jurai,Koto Rawang,25651
72241,Sumatera Barat,Pesisir Selatan,IV Jurai,Limau Gadang Lumpo,25651
72242,Sumatera Barat,Pesisir Selatan,IV Jurai,Lumpo,25651
72243,Sumatera Barat,Pesisir Selatan,IV Jurai,Painan,25651
72244,Sumatera Barat,Pesisir Selatan,IV Jurai,Painan Selatan Painan,25651
72245,Sumatera Barat,Pesisir Selatan,IV Jurai,Painan Timur Painan,25651
72246,Sumatera Barat,Pesisir Selatan,IV Jurai,Sago Salido,25651
72247,Sumatera Barat,Pesisir Selatan,IV Jurai,Salido,25651
72248,Sumatera Barat,Pesisir Selatan,IV Jurai,Salido Sari Bulan,25651
72249,Sumatera Barat,Pesisir Selatan,IV Jurai,Sungaibukik Kaciak Lumpo,25651
72250,Sumatera Barat,Pesisir Selatan,IV Jurai,Sungaigayo Lumpo,25651
72251,Sumatera Barat,Pesisir Selatan,IV Jurai,Sungaisariak Lumpo,25651
72252,Sumatera Barat,Pesisir Selatan,IV Jurai,Tambang,25651
72253,Sumatera Barat,Pesisir Selatan,IV Jurai,Taratak Tangah Lumpo,25651
72254,Sumatera Barat,Pesisir Selatan,IV Nagari Bayang Utara,Koto Ranah,25652
72255,Sumatera Barat,Pesisir Selatan,IV Nagari Bayang Utara,Limau Gadang Pancung Taba,25652
72256,Sumatera Barat,Pesisir Selatan,IV Nagari Bayang Utara,Muaro Aie,25652
72257,Sumatera Barat,Pesisir Selatan,IV Nagari Bayang Utara,Pancung Taba,25652
72258,Sumatera Barat,Pesisir Selatan,IV Nagari Bayang Utara,Puluik Puluik,25652
72259,Sumatera Barat,Pesisir Selatan,IV Nagari Bayang Utara,Puluik-Puluik Selatan,25652
72260,Sumatera Barat,Pesisir Selatan,Koto XI Tarusan,Ampang Pulai,25654
72261,Sumatera Barat,Pesisir Selatan,Koto XI Tarusan,Barung Barung Balantai,25654
72262,Sumatera Barat,Pesisir Selatan,Koto XI Tarusan,Barung Barung Balantai Selatan,25654
72263,Sumatera Barat,Pesisir Selatan,Koto XI Tarusan,Barung-Barung Balantai Tengah,25654
72264,Sumatera Barat,Pesisir Selatan,Koto XI Tarusan,Barung-Barung Balantai Timur,25654
72265,Sumatera Barat,Pesisir Selatan,Koto XI Tarusan,Batu Hampa,25654
72266,Sumatera Barat,Pesisir Selatan,Koto XI Tarusan,Batuhampar Selatan,25654
72267,Sumatera Barat,Pesisir Selatan,Koto XI Tarusan,Cerocok Anau Ampang Pulai,25654
72268,Sumatera Barat,Pesisir Selatan,Koto XI Tarusan,Duku,25654
72269,Sumatera Barat,Pesisir Selatan,Koto XI Tarusan,Duku Utara,25654
72270,Sumatera Barat,Pesisir Selatan,Koto XI Tarusan,Jinang Kampung Pansur Ampang Pulai,25654
72271,Sumatera Barat,Pesisir Selatan,Koto XI Tarusan,Kampungbaru Korong nan Ampek,25654
72272,Sumatera Barat,Pesisir Selatan,Koto XI Tarusan,Kapuh,25654
72273,Sumatera Barat,Pesisir Selatan,Koto XI Tarusan,Kapuh Utara,25654
72274,Sumatera Barat,Pesisir Selatan,Koto XI Tarusan,Mandeh,25654
72275,Sumatera Barat,Pesisir Selatan,Koto XI Tarusan,Nanggalo,25654
72276,Sumatera Barat,Pesisir Selatan,Koto XI Tarusan,Pulaukaram Ampang Pulai,25654
72277,Sumatera Barat,Pesisir Selatan,Koto XI Tarusan,Setara Nanggalo,25654
72278,Sumatera Barat,Pesisir Selatan,Koto XI Tarusan,Siguntur,25654
72279,Sumatera Barat,Pesisir Selatan,Koto XI Tarusan,Siguntur Tua,25654
72280,Sumatera Barat,Pesisir Selatan,Koto XI Tarusan,Sungai Pinang,25654
72281,Sumatera Barat,Pesisir Selatan,Koto XI Tarusan,Sungainyalo Mudiak Aia,25654
72282,Sumatera Barat,Pesisir Selatan,Koto XI Tarusan,Taratak Sei Lundang,25654
72283,Sumatera Barat,Pesisir Selatan,Lengayang,Kambang,25663
72284,Sumatera Barat,Pesisir Selatan,Lengayang,Kambang Barat,25663
72285,Sumatera Barat,Pesisir Selatan,Lengayang,Kambang Timur,25663
72286,Sumatera Barat,Pesisir Selatan,Lengayang,Kambang Utara,25663
72287,Sumatera Barat,Pesisir Selatan,Lengayang,Lakitan,25663
72288,Sumatera Barat,Pesisir Selatan,Lengayang,Lakitan Selatan,25663
72289,Sumatera Barat,Pesisir Selatan,Lengayang,Lakitan Tengah,25663
72290,Sumatera Barat,Pesisir Selatan,Lengayang,Lakitan Timur,25663
72291,Sumatera Barat,Pesisir Selatan,Lengayang,Lakitan Utara,25663
72292,Sumatera Barat,Pesisir Selatan,Linggo Sari Baganti,Air Haji,25668
72293,Sumatera Barat,Pesisir Selatan,Linggo Sari Baganti,Air Haji Barat,25668
72294,Sumatera Barat,Pesisir Selatan,Linggo Sari Baganti,Air Haji Tengah,25668
72295,Sumatera Barat,Pesisir Selatan,Linggo Sari Baganti,Air Haji Tenggara,25668
72296,Sumatera Barat,Pesisir Selatan,Linggo Sari Baganti,Lagan Hilir Punggasan,25668
72297,Sumatera Barat,Pesisir Selatan,Linggo Sari Baganti,Lagan Mudik Punggasan,25668
72298,Sumatera Barat,Pesisir Selatan,Linggo Sari Baganti,Muaragadang Air Haji,25668
72299,Sumatera Barat,Pesisir Selatan,Linggo Sari Baganti,Muarakandis Punggasan,25668
72300,Sumatera Barat,Pesisir Selatan,Linggo Sari Baganti,Padang XI Punggasan,25668
72301,Sumatera Barat,Pesisir Selatan,Linggo Sari Baganti,Pasar Bukit Air Haji,25668
72302,Sumatera Barat,Pesisir Selatan,Linggo Sari Baganti,Pasar Lama Muara Air Haji,25668
72303,Sumatera Barat,Pesisir Selatan,Linggo Sari Baganti,Punggasan,25668
72304,Sumatera Barat,Pesisir Selatan,Linggo Sari Baganti,Punggasan Timur,25668
72305,Sumatera Barat,Pesisir Selatan,Linggo Sari Baganti,Punggasan Utara,25668
72306,Sumatera Barat,Pesisir Selatan,Linggo Sari Baganti,Rantau Simalenang Air Haji,25668
72307,Sumatera Barat,Pesisir Selatan,Linggo Sari Baganti,Sungaisirah Air Haji,25668
72308,Sumatera Barat,Pesisir Selatan,Lunang,Lunang,25674
72309,Sumatera Barat,Pesisir Selatan,Lunang,Lunang Barat,25674
72310,Sumatera Barat,Pesisir Selatan,Lunang,Lunang Dua,25674
72311,Sumatera Barat,Pesisir Selatan,Lunang,Lunang Satu,25674
72312,Sumatera Barat,Pesisir Selatan,Lunang,Lunang Selatan,25674
72313,Sumatera Barat,Pesisir Selatan,Lunang,Lunang Tengah,25674
72314,Sumatera Barat,Pesisir Selatan,Lunang,Lunang Tiga,25674
72315,Sumatera Barat,Pesisir Selatan,Lunang,Lunang Utara,25674
72316,Sumatera Barat,Pesisir Selatan,Lunang,Pondok Parian Lunang,25674
72317,Sumatera Barat,Pesisir Selatan,Lunang,Sindang Lunang,25674
72318,Sumatera Barat,Pesisir Selatan,Pancung Soal,Inderapura,25673
72319,Sumatera Barat,Pesisir Selatan,Pancung Soal,Indrapura/Inderapura Barat,25673
72320,Sumatera Barat,Pesisir Selatan,Pancung Soal,Indrapura/Inderapura Selatan,25673
72321,Sumatera Barat,Pesisir Selatan,Pancung Soal,Indrapura/Inderapura Tengah,25673
72322,Sumatera Barat,Pesisir Selatan,Pancung Soal,Kudo-Kudo Inderapura,25673
72323,Sumatera Barat,Pesisir Selatan,Pancung Soal,Muaro Sakai Inderapura,25673
72324,Sumatera Barat,Pesisir Selatan,Pancung Soal,Simpang Lama Inderapura,25673
72325,Sumatera Barat,Pesisir Selatan,Pancung Soal,Tiga Sepakat Inderapura,25673
72326,Sumatera Barat,Pesisir Selatan,Pancung Soal,Tigosungai Inderapura,25673
72327,Sumatera Barat,Pesisir Selatan,Pancung Soal,Tluk Amplu Inderapura,25673
72328,Sumatera Barat,Pesisir Selatan,Ranah Ampek Hulu Tapan,Binjai Tapan,25673
72329,Sumatera Barat,Pesisir Selatan,Ranah Ampek Hulu Tapan,Kampung Tengah Tapan,25673
72330,Sumatera Barat,Pesisir Selatan,Ranah Ampek Hulu Tapan,Kobu Tapan,25673
72331,Sumatera Barat,Pesisir Selatan,Ranah Ampek Hulu Tapan,Simpanggunung Tapan,25673
72332,Sumatera Barat,Pesisir Selatan,Ranah Ampek Hulu Tapan,Sungaigambir Sako Tapan,25673
72333,Sumatera Barat,Pesisir Selatan,Ranah Ampek Hulu Tapan,Sungaipinang Tapan,25673
72334,Sumatera Barat,Pesisir Selatan,Ranah Ampek Hulu Tapan,Talang Balarik Tapan,25673
72335,Sumatera Barat,Pesisir Selatan,Ranah Ampek Hulu Tapan,Talang Koto Pulai Tapan,25673
72336,Sumatera Barat,Pesisir Selatan,Ranah Ampek Hulu Tapan,Tebing Tinggi Tapan,25673
72337,Sumatera Barat,Pesisir Selatan,Ranah Pesisir,Koto VIII Pelangai,25666
72338,Sumatera Barat,Pesisir Selatan,Ranah Pesisir,Nyiur Malambai Pelangai,25666
72339,Sumatera Barat,Pesisir Selatan,Ranah Pesisir,Palangai Gadang,25666
72340,Sumatera Barat,Pesisir Selatan,Ranah Pesisir,Pasia Palangai,25666
72341,Sumatera Barat,Pesisir Selatan,Ranah Pesisir,Pelangai,25666
72342,Sumatera Barat,Pesisir Selatan,Ranah Pesisir,Pelangai Kaciak,25666
72343,Sumatera Barat,Pesisir Selatan,Ranah Pesisir,Sungai Tunu,25666
72344,Sumatera Barat,Pesisir Selatan,Ranah Pesisir,Sungailiku Pelangai,25666
72345,Sumatera Barat,Pesisir Selatan,Ranah Pesisir,Sungaitunu Barat,25666
72346,Sumatera Barat,Pesisir Selatan,Ranah Pesisir,Sungaitunu Utara,25666
72347,Sumatera Barat,Pesisir Selatan,Silaut,Air Hitam,25674
72348,Sumatera Barat,Pesisir Selatan,Silaut,Durian Seribu,25674
72349,Sumatera Barat,Pesisir Selatan,Silaut,Lubuk Bunta,25674
72350,Sumatera Barat,Pesisir Selatan,Silaut,Pasir Binjai,25674
72351,Sumatera Barat,Pesisir Selatan,Silaut,Sambungo,25674
72352,Sumatera Barat,Pesisir Selatan,Silaut,Silaut,25674
72353,Sumatera Barat,Pesisir Selatan,Silaut,Sungaipulai,25674
72354,Sumatera Barat,Pesisir Selatan,Silaut,Sungaisarik,25674
72355,Sumatera Barat,Pesisir Selatan,Silaut,Sungaisirah,25674
72356,Sumatera Barat,Pesisir Selatan,Silaut,Talang Binjai,25674
72357,Sumatera Barat,Pesisir Selatan,Sutera,Amping Parak,25662
72358,Sumatera Barat,Pesisir Selatan,Sutera,Amping Parak Timur,25662
72359,Sumatera Barat,Pesisir Selatan,Sutera,Aur Duri Surantih,25662
72360,Sumatera Barat,Pesisir Selatan,Sutera,Ganting Mudiak Selatan Surantih,25662
72361,Sumatera Barat,Pesisir Selatan,Sutera,Ganting Mudiak Utara Surantih,25662
72362,Sumatera Barat,Pesisir Selatan,Sutera,Koto Nan Tigo Selatan Surantih,25662
72363,Sumatera Barat,Pesisir Selatan,Sutera,Koto Nan Tigo Utara Surantih,25662
72364,Sumatera Barat,Pesisir Selatan,Sutera,Koto Taratak,25662
72365,Sumatera Barat,Pesisir Selatan,Sutera,Lansano Taratak,25662
72366,Sumatera Barat,Pesisir Selatan,Sutera,Rawanggunung Mamelo Surantih,25662
72367,Sumatera Barat,Pesisir Selatan,Sutera,Surantih,25662
72368,Sumatera Barat,Pesisir Selatan,Sutera,Taratak,25662
72369,Sumatera Barat,Sawah Lunto,Barangin,Balai Batu Sandaran,27422
72370,Sumatera Barat,Sawah Lunto,Barangin,Durian I,27425
72371,Sumatera Barat,Sawah Lunto,Barangin,Durian II,27425
72372,Sumatera Barat,Sawah Lunto,Barangin,Kolok Mudik/Mudiak,27425
72373,Sumatera Barat,Sawah Lunto,Barangin,Kolok Nan Tuo,27427
72374,Sumatera Barat,Sawah Lunto,Barangin,Lubang Panjang,27424
72375,Sumatera Barat,Sawah Lunto,Barangin,Lumindai,27421
72376,Sumatera Barat,Sawah Lunto,Barangin,Santur/Santua,27424
72377,Sumatera Barat,Sawah Lunto,Barangin,Saringan,27421
72378,Sumatera Barat,Sawah Lunto,Barangin,Talago Gunung/Gunuang,27423
72379,Sumatera Barat,Sawah Lunto,Lembah Segar,Air Mulyo (Aurmulyo),27418
72380,Sumatera Barat,Sawah Lunto,Lembah Segar,Air/Aia Dingin,27419
72381,Sumatera Barat,Sawah Lunto,Lembah Segar,Kubang Sirakuk/Sirakuak Selatan,27415
72382,Sumatera Barat,Sawah Lunto,Lembah Segar,Kubang Sirakuk/Sirakuak Utara,27415
72383,Sumatera Barat,Sawah Lunto,Lembah Segar,Kubang Tangah,27413
72384,Sumatera Barat,Sawah Lunto,Lembah Segar,Kubang Utara Sikabu,27412
72385,Sumatera Barat,Sawah Lunto,Lembah Segar,Lunto Barat,27418
72386,Sumatera Barat,Sawah Lunto,Lembah Segar,Lunto Timur,27416
72387,Sumatera Barat,Sawah Lunto,Lembah Segar,Pasar,27411
72388,Sumatera Barat,Sawah Lunto,Lembah Segar,Pasar Kubang,27415
72389,Sumatera Barat,Sawah Lunto,Lembah Segar,Tanah Lapang,27411
72390,Sumatera Barat,Sawah Lunto,Silungkang,Muaro Kalaban,27435
72391,Sumatera Barat,Sawah Lunto,Silungkang,Silungkang Duo,27432
72392,Sumatera Barat,Sawah Lunto,Silungkang,Silungkang Oso,27433
72393,Sumatera Barat,Sawah Lunto,Silungkang,Silungkang Tigo,27431
72394,Sumatera Barat,Sawah Lunto,Silungkang,Taratak Bancah/Boncah,27434
72395,Sumatera Barat,Sawah Lunto,Talawi,Batu Tanjuang,27443
72396,Sumatera Barat,Sawah Lunto,Talawi,Bukik Gadang,27444
72397,Sumatera Barat,Sawah Lunto,Talawi,Datar Mansiang,27441
72398,Sumatera Barat,Sawah Lunto,Talawi,Kumbayau,27443
72399,Sumatera Barat,Sawah Lunto,Talawi,Rantih,27449
72400,Sumatera Barat,Sawah Lunto,Talawi,Salak,27447
72401,Sumatera Barat,Sawah Lunto,Talawi,Sijantang Koto,27446
72402,Sumatera Barat,Sawah Lunto,Talawi,Sikalang,27448
72403,Sumatera Barat,Sawah Lunto,Talawi,Talawi Hilir/Hilia,27445
72404,Sumatera Barat,Sawah Lunto,Talawi,Talawi Mudik/Mudiak,27444
72405,Sumatera Barat,Sawah Lunto,Talawi,Tumpuak Tangah,27442
72406,Sumatera Barat,Sijunjung,IV Nagari,Koto Baru,27561
72407,Sumatera Barat,Sijunjung,IV Nagari,Koto Tuo,27561
72408,Sumatera Barat,Sijunjung,IV Nagari,Muaro Bodi,27561
72409,Sumatera Barat,Sijunjung,IV Nagari,Mundam Sakti,27561
72410,Sumatera Barat,Sijunjung,IV Nagari,Palangki,27561
72411,Sumatera Barat,Sijunjung,Kamang Baru,Aia Amo,27572
72412,Sumatera Barat,Sijunjung,Kamang Baru,Kamang,27572
72413,Sumatera Barat,Sijunjung,Kamang Baru,Kunangan Parik Rantang,27572
72414,Sumatera Barat,Sijunjung,Kamang Baru,Lubuk Tarantang,27572
72415,Sumatera Barat,Sijunjung,Kamang Baru,Maloro,27572
72416,Sumatera Barat,Sijunjung,Kamang Baru,Muaro Takuang,27572
72417,Sumatera Barat,Sijunjung,Kamang Baru,Padang Tarok,27572
72418,Sumatera Barat,Sijunjung,Kamang Baru,Siaur,27572
72419,Sumatera Barat,Sijunjung,Kamang Baru,Sungai Batuang,27572
72420,Sumatera Barat,Sijunjung,Kamang Baru,Sungai Lansek,27572
72421,Sumatera Barat,Sijunjung,Kamang Baru,Tanjung Kaliang,27572
72422,Sumatera Barat,Sijunjung,Koto VII,Bukit Bual,27562
72423,Sumatera Barat,Sijunjung,Koto VII,Guguk,27562
72424,Sumatera Barat,Sijunjung,Koto VII,Limo Koto,27562
72425,Sumatera Barat,Sijunjung,Koto VII,Padang Laweh,27562
72426,Sumatera Barat,Sijunjung,Koto VII,Palaluar,27562
72427,Sumatera Barat,Sijunjung,Koto VII,Tanjung,27562
72428,Sumatera Barat,Sijunjung,Kupitan,Batu Manjulur,27564
72429,Sumatera Barat,Sijunjung,Kupitan,Desa Kampung Baru,27564
72430,Sumatera Barat,Sijunjung,Kupitan,Padang Sibusuk,27564
72431,Sumatera Barat,Sijunjung,Kupitan,Pamuatan,27564
72432,Sumatera Barat,Sijunjung,Lubuak Tarok,Buluah Kasok,27553
72433,Sumatera Barat,Sijunjung,Lubuak Tarok,Kampung Dalam,27553
72434,Sumatera Barat,Sijunjung,Lubuak Tarok,Lalan,27553
72435,Sumatera Barat,Sijunjung,Lubuak Tarok,Latang,27553
72436,Sumatera Barat,Sijunjung,Lubuak Tarok,Lubuak Tarok,27553
72437,Sumatera Barat,Sijunjung,Lubuak Tarok,Silongo,27553
72438,Sumatera Barat,Sijunjung,Sijunjung,Aie Angek,27553
72439,Sumatera Barat,Sijunjung,Sijunjung,Durian Gadang,27553
72440,Sumatera Barat,Sijunjung,Sijunjung,Kandang Baru,27553
72441,Sumatera Barat,Sijunjung,Sijunjung,Muaro,27553
72442,Sumatera Barat,Sijunjung,Sijunjung,Paru,27553
72443,Sumatera Barat,Sijunjung,Sijunjung,Pematang Panjang,27553
72444,Sumatera Barat,Sijunjung,Sijunjung,Sijunjung,27553
72445,Sumatera Barat,Sijunjung,Sijunjung,Silokek,27553
72446,Sumatera Barat,Sijunjung,Sijunjung,Solok Ambah,27511
72447,Sumatera Barat,Sijunjung,Sumpur Kudus,Kumanis,27563
72448,Sumatera Barat,Sijunjung,Sumpur Kudus,Mangganti,27563
72449,Sumatera Barat,Sijunjung,Sumpur Kudus,Silantai,27563
72450,Sumatera Barat,Sijunjung,Sumpur Kudus,Sisawah,27563
72451,Sumatera Barat,Sijunjung,Sumpur Kudus,Sumpur Kudus,27563
72452,Sumatera Barat,Sijunjung,Sumpur Kudus,Sumpur Kudus Selatan,27563
72453,Sumatera Barat,Sijunjung,Sumpur Kudus,Tamparungo,27563
72454,Sumatera Barat,Sijunjung,Sumpur Kudus,Tanjuang Labuah,27563
72455,Sumatera Barat,Sijunjung,Sumpur Kudus,Tanjung Bonai Aur,27563
72456,Sumatera Barat,Sijunjung,Sumpur Kudus,Tanjung Bonai Aur Selatan,27563
72457,Sumatera Barat,Sijunjung,Sumpur Kudus,Unggan,27563
72458,Sumatera Barat,Sijunjung,Tanjung Gadang,Langki,27571
72459,Sumatera Barat,Sijunjung,Tanjung Gadang,Pulasan,27571
72460,Sumatera Barat,Sijunjung,Tanjung Gadang,Sibakur,27571
72461,Sumatera Barat,Sijunjung,Tanjung Gadang,Sinyamu,27571
72462,Sumatera Barat,Sijunjung,Tanjung Gadang,Tanjung Gadang,27571
72463,Sumatera Barat,Sijunjung,Tanjung Gadang,Tanjung Lolo,27571
72464,Sumatera Barat,Sijunjung,Tanjung Gadang,Taratak Baru,27571
72465,Sumatera Barat,Sijunjung,Tanjung Gadang,Taratak Baru Utara,27571
72466,Sumatera Barat,Sijunjung,Tanjung Gadang,Timbulun,27571
72467,Sumatera Barat,Solok,Lubuk Sikarah,Aro IV Korong,27317
72468,Sumatera Barat,Solok,Lubuk Sikarah,IX Korong,27314
72469,Sumatera Barat,Solok,Lubuk Sikarah,Kampai Tabu Kerambil/Karambia,27315
72470,Sumatera Barat,Solok,Lubuk Sikarah,Simpang Rumbio,27316
72471,Sumatera Barat,Solok,Lubuk Sikarah,Sinapa Piliang,27313
72472,Sumatera Barat,Solok,Lubuk Sikarah,Tanah Garam,27312
72473,Sumatera Barat,Solok,Lubuk Sikarah,VI Suku,27311
72474,Sumatera Barat,Solok,Tanjung Harapan,Kampung Jawa,27321
72475,Sumatera Barat,Solok,Tanjung Harapan,Koto Panjang,27323
72476,Sumatera Barat,Solok,Tanjung Harapan,Laing,27325
72477,Sumatera Barat,Solok,Tanjung Harapan,Nan Balimo,27326
72478,Sumatera Barat,Solok,Tanjung Harapan,Pasar Pandan Air Mati,27322
72479,Sumatera Barat,Solok,Tanjung Harapan,Tanjung Paku,27324
72480,Sumatera Barat,Solok,Bukit Sundi,Bukit Tandang,27381
72481,Sumatera Barat,Solok,Bukit Sundi,Dilam,27381
72482,Sumatera Barat,Solok,Bukit Sundi,Kinari,27381
72483,Sumatera Barat,Solok,Bukit Sundi,Muaro Paneh,27381
72484,Sumatera Barat,Solok,Bukit Sundi,Parambahan,27381
72485,Sumatera Barat,Solok,Danau Kembar,Kampung Batu Dalam,27383
72486,Sumatera Barat,Solok,Danau Kembar,Simpang Tanjuang Nan Ampek/IV,27383
72487,Sumatera Barat,Solok,Gunung Talang,Aia Batumbuak,27365
72488,Sumatera Barat,Solok,Gunung Talang,Batang Barus,27365
72489,Sumatera Barat,Solok,Gunung Talang,Cupak,27365
72490,Sumatera Barat,Solok,Gunung Talang,Jawi Jawi,27365
72491,Sumatera Barat,Solok,Gunung Talang,Koto Gadang Guguak,27365
72492,Sumatera Barat,Solok,Gunung Talang,Koto Gaek Guguk,27365
72493,Sumatera Barat,Solok,Gunung Talang,Sungai Janiah,27365
72494,Sumatera Barat,Solok,Gunung Talang,Talang,27365
72495,Sumatera Barat,Solok,Hiliran Gumanti,Sarik Alahan Tigo,27372
72496,Sumatera Barat,Solok,Hiliran Gumanti,Sungai Abu,27372
72497,Sumatera Barat,Solok,Hiliran Gumanti,Talang Babungo,27372
72498,Sumatera Barat,Solok,IX Koto Sungai Lasi,Bukit Bais,27388
72499,Sumatera Barat,Solok,IX Koto Sungai Lasi,Guguk Sarai,27388
72500,Sumatera Barat,Solok,IX Koto Sungai Lasi,Indudur,27388
72501,Sumatera Barat,Solok,IX Koto Sungai Lasi,Koto Laweh,27388
72502,Sumatera Barat,Solok,IX Koto Sungai Lasi,Pianggu,27388
72503,Sumatera Barat,Solok,IX Koto Sungai Lasi,Siaro Aro,27388
72504,Sumatera Barat,Solok,IX Koto Sungai Lasi,Sungai Durian,27388
72505,Sumatera Barat,Solok,IX Koto Sungai Lasi,Sungai Jambur,27388
72506,Sumatera Barat,Solok,IX Koto Sungai Lasi,Taruang Taruang,27388
72507,Sumatera Barat,Solok,Junjung Sirih,Muaro Pingai,27388
72508,Sumatera Barat,Solok,Junjung Sirih,Paninggahan,27388
72509,Sumatera Barat,Solok,Kubung,Gantuang Ciri,27361
72510,Sumatera Barat,Solok,Kubung,Gaung,27361
72511,Sumatera Barat,Solok,Kubung,Koto Baru,27361
72512,Sumatera Barat,Solok,Kubung,Koto Hilalang,27361
72513,Sumatera Barat,Solok,Kubung,Panyakalan,27361
72514,Sumatera Barat,Solok,Kubung,Saok Laweh,27361
72515,Sumatera Barat,Solok,Kubung,Selayo,27361
72516,Sumatera Barat,Solok,Kubung,Tanjung Bingkung,27361
72517,Sumatera Barat,Solok,Lembah Gumanti,Aia Dingin,27371
72518,Sumatera Barat,Solok,Lembah Gumanti,Alahan Panjang,27371
72519,Sumatera Barat,Solok,Lembah Gumanti,Salimpat,27371
72520,Sumatera Barat,Solok,Lembah Gumanti,Sungai Nanam,27371
72521,Sumatera Barat,Solok,Lembang Jaya,Batu Bajanjang,27383
72522,Sumatera Barat,Solok,Lembang Jaya,Batu Banyak,27383
72523,Sumatera Barat,Solok,Lembang Jaya,Koto Anau,27383
72524,Sumatera Barat,Solok,Lembang Jaya,Koto Laweh,27383
72525,Sumatera Barat,Solok,Lembang Jaya,Limau Lunggo,27383
72526,Sumatera Barat,Solok,Lembang Jaya,Salayo Tanang Bukik Sileh,27383
72527,Sumatera Barat,Solok,Pantai Cermin,Lolo,27373
72528,Sumatera Barat,Solok,Pantai Cermin,Surian,27373
72529,Sumatera Barat,Solok,Payung Sekaki,Aia Luo,27387
72530,Sumatera Barat,Solok,Payung Sekaki,Sirukam,27387
72531,Sumatera Barat,Solok,Payung Sekaki,Supayang,27387
72532,Sumatera Barat,Solok,Tigo Lurah,Batu Banjajang,27372
72533,Sumatera Barat,Solok,Tigo Lurah,Garabak Data,27372
72534,Sumatera Barat,Solok,Tigo Lurah,Rangkiang Luluih,27372
72535,Sumatera Barat,Solok,Tigo Lurah,Simanau,27372
72536,Sumatera Barat,Solok,Tigo Lurah,Tanjung Balik Sumiso,27372
72537,Sumatera Barat,Solok,X Koto Diatas,Bukit Kanduang,27355
72538,Sumatera Barat,Solok,X Koto Diatas,Katialo,27355
72539,Sumatera Barat,Solok,X Koto Diatas,Kuncir,27355
72540,Sumatera Barat,Solok,X Koto Diatas,Labuh Panjang,27355
72541,Sumatera Barat,Solok,X Koto Diatas,Paninjauan,27355
72542,Sumatera Barat,Solok,X Koto Diatas,Pasilihan,27355
72543,Sumatera Barat,Solok,X Koto Diatas,Sibarambang,27355
72544,Sumatera Barat,Solok,X Koto Diatas,Sulit Air,27355
72545,Sumatera Barat,Solok,X Koto Diatas,Tanjung Balik,27355
72546,Sumatera Barat,Solok,X Koto Singkarak,Aripan,27356
72547,Sumatera Barat,Solok,X Koto Singkarak,Kacang,27356
72548,Sumatera Barat,Solok,X Koto Singkarak,Koto Sani,27356
72549,Sumatera Barat,Solok,X Koto Singkarak,Saning Baka,27356
72550,Sumatera Barat,Solok,X Koto Singkarak,Singkarak,27356
72551,Sumatera Barat,Solok,X Koto Singkarak,Sumani,27356
72552,Sumatera Barat,Solok,X Koto Singkarak,Tanjung Alai,27356
72553,Sumatera Barat,Solok,X Koto Singkarak,Tikalak,27356
72554,Sumatera Barat,Solok Selatan,Koto Parik Gadang Diateh,Pakan Rabaa,27775
72555,Sumatera Barat,Solok Selatan,Koto Parik Gadang Diateh,Pakan Rabaa Tengah,27775
72556,Sumatera Barat,Solok Selatan,Koto Parik Gadang Diateh,Pakan Rabaa Timur,27775
72557,Sumatera Barat,Solok Selatan,Koto Parik Gadang Diateh,Pakan Rabaa Utara,27775
72558,Sumatera Barat,Solok Selatan,Pauh Duo,Alam Pauh Duo,27776
72559,Sumatera Barat,Solok Selatan,Pauh Duo,Kapau Alam Pauh Duo,27776
72560,Sumatera Barat,Solok Selatan,Pauh Duo,Luak Kapau Alam Pauh Duo,27776
72561,Sumatera Barat,Solok Selatan,Pauh Duo,Pauh Duo Nan Batigo,27776
72562,Sumatera Barat,Solok Selatan,Sangir,Lubuk Gadang,27778
72563,Sumatera Barat,Solok Selatan,Sangir,Lubuk Gadang Selatan,27778
72564,Sumatera Barat,Solok Selatan,Sangir,Lubuk Gadang Timur,27778
72565,Sumatera Barat,Solok Selatan,Sangir,Lubuk Gadang Utara,27778
72566,Sumatera Barat,Solok Selatan,Sangir Balai Janggo,Sungai Kunyit,27777
72567,Sumatera Barat,Solok Selatan,Sangir Balai Janggo,Sungai Kunyit Barat,27777
72568,Sumatera Barat,Solok Selatan,Sangir Balai Janggo,Talao Sungai Kunyit,27777
72569,Sumatera Barat,Solok Selatan,Sangir Balai Janggo,Talunan Maju,27777
72570,Sumatera Barat,Solok Selatan,Sangir Batang Hari,Abai,27779
72571,Sumatera Barat,Solok Selatan,Sangir Batang Hari,Dusun Tangah,27779
72572,Sumatera Barat,Solok Selatan,Sangir Batang Hari,Lubuk Ulang Aling,27779
72573,Sumatera Barat,Solok Selatan,Sangir Batang Hari,Lubuk Ulang Aling Selatan,27779
72574,Sumatera Barat,Solok Selatan,Sangir Batang Hari,Lubuk Ulang Aling Tengah,27779
72575,Sumatera Barat,Solok Selatan,Sangir Batang Hari,Ranah Pantai Cermin,27779
72576,Sumatera Barat,Solok Selatan,Sangir Batang Hari,Sitapus,27779
72577,Sumatera Barat,Solok Selatan,Sangir Jujuan,Bidar Alam,27777
72578,Sumatera Barat,Solok Selatan,Sangir Jujuan,Lubuk/Lubuak Malako,27777
72579,Sumatera Barat,Solok Selatan,Sangir Jujuan,Malako,27777
72580,Sumatera Barat,Solok Selatan,Sangir Jujuan,Padang Air Dingin,27777
72581,Sumatera Barat,Solok Selatan,Sangir Jujuan,Padang Gantiang,27777
72582,Sumatera Barat,Solok Selatan,Sungai Pagu,Bomas,27776
72583,Sumatera Barat,Solok Selatan,Sungai Pagu,Koto Baru,27776
72584,Sumatera Barat,Solok Selatan,Sungai Pagu,Pasar Muara Labuh,27776
72585,Sumatera Barat,Solok Selatan,Sungai Pagu,Pasir Talang,27776
72586,Sumatera Barat,Solok Selatan,Sungai Pagu,Pasir Talang Barat,27776
72587,Sumatera Barat,Solok Selatan,Sungai Pagu,Pasir Talang Selatan,27776
72588,Sumatera Barat,Solok Selatan,Sungai Pagu,Pasir Talang Timur,27776
72589,Sumatera Barat,Solok Selatan,Sungai Pagu,Pulakek Koto Baru,27776
72590,Sumatera Barat,Solok Selatan,Sungai Pagu,Sako Pasia Talang,27776
72591,Sumatera Barat,Solok Selatan,Sungai Pagu,Sako Selatan Pasia Talang,27776
72592,Sumatera Barat,Solok Selatan,Sungai Pagu,Sako Utara Pasia Talang,27776
72593,Sumatera Barat,Tanah Datar,Batipuh,Andaleh,27265
72594,Sumatera Barat,Tanah Datar,Batipuh,Batipuh Ateh (Batipuah Ateh),27265
72595,Sumatera Barat,Tanah Datar,Batipuh,Batipuh Baru (Batipuah Baruah),27265
72596,Sumatera Barat,Tanah Datar,Batipuh,Bungo Tanjung/Tanjuang,27265
72597,Sumatera Barat,Tanah Datar,Batipuh,Gunung Rajo (Gunuang Rajo),27265
72598,Sumatera Barat,Tanah Datar,Batipuh,Pitalah,27265
72599,Sumatera Barat,Tanah Datar,Batipuh,Sabu,27265
72600,Sumatera Barat,Tanah Datar,Batipuh,Tanjung Barulak,27265
72601,Sumatera Barat,Tanah Datar,Batipuh Selatan,Batu Taba,27265
72602,Sumatera Barat,Tanah Datar,Batipuh Selatan,Guguak Malalo,27265
72603,Sumatera Barat,Tanah Datar,Batipuh Selatan,Padang Laweh Malalo,27265
72604,Sumatera Barat,Tanah Datar,Batipuh Selatan,Sumpur,27265
72605,Sumatera Barat,Tanah Datar,Lima Kaum,Baringin,27213
72606,Sumatera Barat,Tanah Datar,Lima Kaum,Cubadak,27216
72607,Sumatera Barat,Tanah Datar,Lima Kaum,Labuah/Labuh,27211
72608,Sumatera Barat,Tanah Datar,Lima Kaum,Lima Kaum (Limo Kaum),27211
72609,Sumatera Barat,Tanah Datar,Lima Kaum,Parambahan,27211
72610,Sumatera Barat,Tanah Datar,Lintau Buo,Buo,27292
72611,Sumatera Barat,Tanah Datar,Lintau Buo,Pangian,27292
72612,Sumatera Barat,Tanah Datar,Lintau Buo,Taluak,27292
72613,Sumatera Barat,Tanah Datar,Lintau Buo,Tigo Jangko,27292
72614,Sumatera Barat,Tanah Datar,Lintau Buo Utara,Balai Tangah,27292
72615,Sumatera Barat,Tanah Datar,Lintau Buo Utara,Batu Bulek,27292
72616,Sumatera Barat,Tanah Datar,Lintau Buo Utara,Lubuk/Lubuak Jantan,27292
72617,Sumatera Barat,Tanah Datar,Lintau Buo Utara,Tanjung/Tanjuang Bonai,27292
72618,Sumatera Barat,Tanah Datar,Lintau Buo Utara,Tapi/Tepi Selo,27292
72619,Sumatera Barat,Tanah Datar,Padang Ganting,Atar,27282
72620,Sumatera Barat,Tanah Datar,Padang Ganting,Padang Ganting,27282
72621,Sumatera Barat,Tanah Datar,Pariangan,Batu Basa,27264
72622,Sumatera Barat,Tanah Datar,Pariangan,Pariangan,27264
72623,Sumatera Barat,Tanah Datar,Pariangan,Sawah Tangah,27264
72624,Sumatera Barat,Tanah Datar,Pariangan,Simabur,27264
72625,Sumatera Barat,Tanah Datar,Pariangan,Sungai Jambu,27264
72626,Sumatera Barat,Tanah Datar,Pariangan,Tabek,27264
72627,Sumatera Barat,Tanah Datar,Rambatan,Balimbing,27271
72628,Sumatera Barat,Tanah Datar,Rambatan,III/Tigo Koto,27271
72629,Sumatera Barat,Tanah Datar,Rambatan,Padang Magek,27271
72630,Sumatera Barat,Tanah Datar,Rambatan,Rambatan,27271
72631,Sumatera Barat,Tanah Datar,Rambatan,Simawang,27271
72632,Sumatera Barat,Tanah Datar,Salimpaung,Lawang Mandahiling/Mandahiliang,27263
72633,Sumatera Barat,Tanah Datar,Salimpaung,Salimpaung,27263
72634,Sumatera Barat,Tanah Datar,Salimpaung,Situmbuk (Situmbuak),27263
72635,Sumatera Barat,Tanah Datar,Salimpaung,Sumanik (Sumaniak},27263
72636,Sumatera Barat,Tanah Datar,Salimpaung,Supayang,27263
72637,Sumatera Barat,Tanah Datar,Salimpaung,Tabek Patah,27262
72638,Sumatera Barat,Tanah Datar,Sepuluh Koto (X Koto),Aie Angek (Aia/Air Angek),27151
72639,Sumatera Barat,Tanah Datar,Sepuluh Koto (X Koto),Jaho,27151
72640,Sumatera Barat,Tanah Datar,Sepuluh Koto (X Koto),Koto Baru,27151
72641,Sumatera Barat,Tanah Datar,Sepuluh Koto (X Koto),Koto Laweh,27151
72642,Sumatera Barat,Tanah Datar,Sepuluh Koto (X Koto),Pandai Sikek,27151
72643,Sumatera Barat,Tanah Datar,Sepuluh Koto (X Koto),Paninjauan,27151
72644,Sumatera Barat,Tanah Datar,Sepuluh Koto (X Koto),Panyalaian,27151
72645,Sumatera Barat,Tanah Datar,Sepuluh Koto (X Koto),Singgalang,27151
72646,Sumatera Barat,Tanah Datar,Sepuluh Koto (X Koto),Tambangan,27151
72647,Sumatera Barat,Tanah Datar,Sungai Tarab,Gurun,27261
72648,Sumatera Barat,Tanah Datar,Sungai Tarab,Koto Baru,27261
72649,Sumatera Barat,Tanah Datar,Sungai Tarab,Koto Tuo,27261
72650,Sumatera Barat,Tanah Datar,Sungai Tarab,Kumango,27261
72651,Sumatera Barat,Tanah Datar,Sungai Tarab,Padang Laweh,27261
72652,Sumatera Barat,Tanah Datar,Sungai Tarab,Pasie/Pasir Laweh,27261
72653,Sumatera Barat,Tanah Datar,Sungai Tarab,Rao-Rao,27261
72654,Sumatera Barat,Tanah Datar,Sungai Tarab,Simpuruik,27261
72655,Sumatera Barat,Tanah Datar,Sungai Tarab,Sungai Tarab,27261
72656,Sumatera Barat,Tanah Datar,Sungai Tarab,Talang Tangah,27261
72657,Sumatera Barat,Tanah Datar,Sungayang,Andaleh Baruh/Baruah Bukik,27294
72658,Sumatera Barat,Tanah Datar,Sungayang,Minangkabau,27294
72659,Sumatera Barat,Tanah Datar,Sungayang,Sungai Patai,27294
72660,Sumatera Barat,Tanah Datar,Sungayang,Sungayang,27294
72661,Sumatera Barat,Tanah Datar,Sungayang,Tanjung (Tanjuang),27294
72662,Sumatera Barat,Tanah Datar,Tanjung Baru,Barulak,27281
72663,Sumatera Barat,Tanah Datar,Tanjung Baru,Tanjung Alam,27281
72664,Sumatera Barat,Tanah Datar,Tanjung Emas,Koto Tangah,27281
72665,Sumatera Barat,Tanah Datar,Tanjung Emas,Pagaruyung (Pagaruyuang),27281
72666,Sumatera Barat,Tanah Datar,Tanjung Emas,Saruaso,27281
72667,Sumatera Barat,Tanah Datar,Tanjung Emas,Tanjung Barulak,27281
